product_id,avg_sentiment,median_sentiment,positive_share,sentiment_review_count
P107306,0.511,0.705,80.6,253
P114902,0.589,0.7988,84.7,1529
P12045,0.649,0.80635,87.9,1684
P122651,0.528,0.66745,82.5,200
P122661,0.608,0.75315,86.8,810
P122718,0.645,0.8124,88.5,1192
P122727,0.536,0.6753,83.7,282
P122762,0.63,0.793,88.9,821
P122767,0.478,0.6588,78.7,169
P122774,0.558,0.7096,84.3,1635
P122782,0.547,0.69255,84.4,270
P122876,0.551,0.6696,86.6,224
P122881,0.539,0.6969,82.7,915
P122882,0.58,0.743,86.2,1373
P122900,0.629,0.7805,88.0,3974
P12295,0.704,0.8591,91.0,1069
P12336,0.681,0.8481,90.2,2409
P12573,0.693,0.8268,91.7,3594
P126301,0.627,0.7906,88.0,4370
P139000,0.616,0.7715000000000001,87.7,2204
P164932,0.666,0.8126,90.6,1981
P173619,0.607,0.7977,85.2,499
P173622,0.698,0.7975000000000001,93.3,60
P173652,0.637,0.78215,89.7,358
P173726,0.581,0.7178,85.9,2820
P174502,0.577,0.7463,84.6,1611
P188306,0.499,0.6778500000000001,80.6,712
P188307,0.542,0.734,83.3,1007
P188309,0.566,0.7543,84.5,1037
P196524,0.59,0.7901,85.0,459
P196542,0.564,0.7363999999999999,85.0,480
P201439,0.579,0.765,86.8,287
P201440,0.485,0.6808,78.3,584
P202935,0.661,0.7462,91.7,36
P203616,0.646,0.8287,88.2,1283
P2043,0.625,0.8021,85.7,384
P2046,0.621,0.75,85.7,91
P205614,0.442,0.6431,72.2,392
P214002,0.636,0.8173,87.8,1027
P217513,0.681,0.8232999999999999,91.2,908
P217931,0.594,0.79015,87.2,164
P217932,0.683,0.84165,91.6,394
P218700,0.64,0.802,88.7,7761
P230538,0.63,0.7506,88.0,1549
P232327,0.48,0.65905,80.3,238
P232902,0.669,0.86085,89.5,220
P232903,0.466,0.6696,77.2,3151
P232906,0.612,0.8176,86.0,705
P232907,0.519,0.7337,79.9,611
P232910,0.611,0.807,85.9,623
P232915,0.647,0.8274999999999999,88.6,2990
P232920,0.504,0.6862999999999999,82.9,70
P244701,0.652,0.7951,90.4,281
P248404,0.643,0.81725,88.6,4728
P248407,0.594,0.7901,85.0,7545
P251529,0.589,0.77485,84.8,564
P254720,0.564,0.7624500000000001,83.9,906
P257537,0.528,0.6697,83.0,905
P266126,0.626,0.7783,87.7,2398
P268700,0.597,0.7704,86.1,446
P269122,0.648,0.8076,89.1,7327
P270543,0.611,0.7774,86.5,223
P270544,0.565,0.74275,84.4,404
P270594,0.813,0.91385,96.1,3438
P270600,0.298,0.5849,63.6,11
P271682,0.459,0.6696,74.7,478
P278317,0.607,0.8033,86.0,2572
P281835,0.52,0.8,78.8,779
P282920,0.502,0.6839,78.7,408
P282935,0.588,0.7799,84.6,221
P283106,0.364,0.5386,70.6,626
P283501,0.633,0.82805,87.0,2022
P294018,0.657,0.8248,87.0,284
P296413,0.648,0.80335,90.9,264
P296415,0.648,0.8047,87.4,239
P297516,0.678,0.8493,90.0,3284
P297517,0.432,0.6166,74.5,1703
P297524,0.662,0.8248,89.2,4525
P297531,0.556,0.7269,82.2,501
P297551,0.592,0.7955,85.1,1000
P302103,0.606,0.77125,86.5,2954
P302900,0.608,0.78485,83.3,138
P306941,0.68,0.85065,88.5,600
P309306,0.673,0.8462,90.6,585
P309308,0.654,0.8582,87.3,5396
P309310,0.704,0.8866499999999999,90.3,950
P309409,0.505,0.7505,73.8,42
P311143,0.574,0.7646999999999999,83.1,508
P34402,0.493,0.6908,79.1,635
P3550,0.517,0.7149,79.5,625
P3617,0.583,0.78815,84.3,1216
P374115,0.51,0.6468,78.3,92
P374841,0.433,0.6249,76.0,383
P375354,0.633,0.7701,88.6,44
P375534,0.596,0.77475,85.9,988
P375841,0.708,0.8657,90.8,995
P375849,0.634,0.8267,87.5,2948
P375850,0.737,0.86355,94.3,918
P375852,0.666,0.836,88.3,435
P375853,0.659,0.8461,87.8,1000
P375854,0.901,0.95635,98.3,60
P375864,0.838,0.9411499999999999,95.2,62
P376135,0.618,0.7481,89.3,56
P376726,0.627,0.81745,87.3,2418
P376946,0.318,0.6369,60.0,15
P377178,0.562,0.743,84.0,125
P377368,0.494,0.5888,79.9,413
P377533,0.619,0.7969,87.1,1381
P377545,0.6,0.8053,85.5,901
P377561,0.502,0.743,80.1,1682
P377570,0.677,0.8479,88.4,1197
P377576,0.415,0.64235,72.0,150
P377577,0.581,0.7762,85.2,461
P377919,0.682,0.8271,92.1,101
P378219,0.687,0.8493,91.1,79
P378852,0.781,0.9022,94.6,3136
P379009,0.542,0.7707,81.1,37
P379064,0.662,0.8168,87.8,139
P379510,0.716,0.8648,91.6,1603
P379704,0.602,0.8585,86.7,75
P379705,0.655,0.8402,87.2,94
P379707,0.702,0.8765,89.7,847
P379709,0.498,0.73125,78.7,136
P379710,0.773,0.9152,93.7,699
P379711,0.514,0.7941,80.1,241
P379907,0.641,0.8268,87.3,245
P379995,0.668,0.8343499999999999,89.4,94
P380000,0.731,0.871,93.3,298
P380001,0.531,0.7901,78.3,23
P380027,0.686,0.8585,89.7,116
P380030,0.579,0.7362500000000001,78.6,28
P381020,0.626,0.793,87.1,661
P381030,0.508,0.6817,80.4,2120
P38217,0.652,0.8071,89.0,254
P382204,0.631,0.8118000000000001,86.7,534
P382356,0.553,0.7135,84.9,86
P383051,0.651,0.8269500000000001,87.5,88
P383052,0.453,0.6316999999999999,75.5,102
P383053,0.582,0.7845,84.2,146
P383054,0.692,0.85075,90.7,54
P383182,0.299,0.6286499999999999,64.3,14
P383308,0.568,0.8551,82.4,51
P384537,0.645,0.8331,87.5,502
P384539,0.628,0.8176,87.7,1062
P384778,0.541,0.7322,82.3,609
P384780,0.596,0.78835,85.4,1088
P384821,0.571,0.7663500000000001,84.1,552
P385253,0.617,0.829,85.5,207
P385262,0.537,0.7738,79.4,136
P385320,0.457,0.7096,72.4,105
P385432,0.483,0.6617,78.8,1078
P385631,0.644,0.83485,87.7,268
P385632,0.633,0.79935,87.4,182
P385773,0.6,0.7827500000000001,87.5,136
P386197,0.829,0.9279,96.2,1625
P386739,0.712,0.8778,91.0,210
P386754,0.462,0.6996,76.7,614
P386755,0.7,0.8151,91.1,135
P386757,0.392,0.5144,74.6,63
P386759,0.155,0.17370000000000002,56.1,82
P386760,0.569,0.8065,84.6,65
P386762,0.635,0.7343500000000001,91.3,46
P386764,0.515,0.6808,83.1,65
P387261,0.736,0.8765,92.9,719
P387511,0.632,0.8074,88.7,159
P388200,0.65,0.84785,87.7,334
P388262,0.53,0.7202,81.9,116
P388545,0.663,0.81175,91.0,144
P388982,0.32,0.6124,65.2,69
P389097,0.559,0.7503,83.3,18
P390987,0.54,0.7964,76.9,13
P391799,0.657,0.83535,89.0,482
P391802,0.47,0.6923,77.0,508
P392004,0.614,0.8268,84.8,99
P392142,0.633,0.8225,86.3,95
P392143,0.618,0.8746,84.2,120
P392144,0.732,0.90065,91.2,170
P392235,0.675,0.8327,90.3,1833
P392239,0.65,0.7964,88.0,399
P392245,0.6,0.7845,86.0,1649
P392246,0.585,0.8016,84.1,3440
P392248,0.662,0.8634,87.1,449
P392249,0.624,0.84175,86.0,386
P392472,0.637,0.8311999999999999,89.0,118
P392522,0.675,0.8439,88.0,25
P392607,0.542,0.7366,79.7,197
P392608,0.673,0.85385,90.1,538
P392648,0.455,0.6784,77.6,165
P39274,0.651,0.83175,88.7,1602
P392891,0.641,0.8469,85.0,20
P392892,0.644,0.8271,85.4,41
P392945,0.504,0.7088,79.5,229
P393076,0.616,0.8072,85.8,562
P393501,0.368,0.5772999999999999,71.6,102
P393600,0.361,0.6415,76.9,13
P393718,0.596,0.8225,84.2,2443
P394124,0.683,0.85015,89.8,488
P394397,0.604,0.8047,85.5,772
P394624,0.678,0.83775,89.9,4522
P394639,0.689,0.8419,91.1,7279
P394702,0.507,0.65325,79.7,128
P394826,0.517,0.7289,81.5,401
P395389,0.677,0.8911,88.0,133
P395417,0.534,0.7713,75.0,100
P395507,0.848,0.8483,100.0,2
P395615,0.684,0.8519,89.8,1038
P395723,0.679,0.7783,93.5,77
P396623,0.453,0.7351,75.8,623
P397310,0.598,0.77415,85.1,316
P397465,0.629,0.7666,88.4,112
P397622,0.579,0.7884,86.0,129
P397623,0.602,0.7738,84.1,277
P397624,0.601,0.79065,86.0,322
P397625,0.6,0.7836000000000001,87.1,70
P397626,0.505,0.6808,82.5,63
P397627,0.405,0.6597,71.4,49
P397890,0.747,0.87575,93.5,1766
P398500,0.692,0.8556,88.1,59
P398502,0.657,0.87155,87.9,124
P398717,0.611,0.7753,87.2,164
P398761,0.562,0.775,83.7,239
P399622,0.725,0.85675,90.2,82
P399623,0.611,0.8016,85.8,2032
P399656,0.76,0.8786,93.9,82
P39970,0.64,0.8219000000000001,87.3,936
P399755,0.733,0.90455,90.8,120
P399932,0.41,0.6249,72.9,554
P399934,0.65,0.77925,89.1,46
P400203,0.592,0.8172,84.4,960
P400204,0.684,0.8641,88.3,343
P400205,0.748,0.891,94.2,241
P400207,0.628,0.837,86.6,1927
P400259,0.71,0.901,90.3,1605
P4010,0.625,0.7934,88.3,787
P401158,0.694,0.8779,89.6,77
P4015,0.602,0.78135,87.0,888
P401570,0.644,0.82345,86.0,86
P4016,0.571,0.77655,83.9,2570
P402014,0.733,0.8989,91.7,276
P402718,0.674,0.8751500000000001,88.0,1494
P402942,0.562,0.81445,80.4,168
P402943,0.534,0.79415,79.1,86
P402944,0.593,0.8266,82.9,427
P402992,0.457,0.7096,72.4,105
P402993,0.506,0.7482,88.9,9
P4032,0.63,0.8016,87.7,317
P403315,0.669,0.8467,89.0,181
P403748,0.487,0.6908,78.4,102
P403817,0.499,0.7003,78.7,1005
P403818,0.554,0.7463500000000001,82.5,1898
P4039,0.6,0.775,86.2,174
P404168,0.57,0.7964,84.4,77
P404169,0.551,0.7056,83.0,88
P404232,0.57,0.74205,83.8,74
P404322,0.69,0.85,90.4,945
P404338,0.602,0.7866,85.9,1391
P404465,0.583,0.807,84.6,149
P404793,0.834,0.9268,96.8,967
P404794,0.55,0.81635,79.0,276
P404795,0.545,0.74625,82.1,1326
P405032,0.646,0.8422,87.0,23
P405096,0.672,0.8478,90.1,1157
P405285,0.616,0.6327499999999999,83.3,6
P405286,0.586,0.69875,91.2,34
P405584,0.684,0.8797,89.0,599
P405589,0.595,0.7830999999999999,90.9,22
P405599,0.678,0.836,90.1,1745
P405825,0.472,0.7557499999999999,75.0,8
P405826,0.655,0.8802,87.0,247
P405827,0.462,0.69955,78.3,60
P405944,0.331,0.5147,66.1,227
P406104,0.519,0.7326,79.4,321
P406529,0.627,0.8328,83.6,61
P406656,0.586,0.7895,100.0,3
P406712,0.627,0.802,87.2,2558
P406941,0.667,0.8316,92.0,75
P406942,0.633,0.8225,85.1,67
P407040,0.567,0.7638,85.2,115
P407381,0.628,0.8533,84.4,64
P407387,0.532,0.6997,82.8,215
P407444,0.598,0.7957000000000001,86.5,342
P407448,0.639,0.8533,86.4,442
P407450,0.699,0.8684,91.0,513
P408230,0.796,0.9052,96.2,159
P408241,0.716,0.8726499999999999,91.0,78
P408271,0.598,0.7259,87.0,23
P408273,0.597,0.80365,88.5,26
P408301,0.584,0.8271,79.8,129
P408542,0.566,0.7783,85.2,27
P408678,0.471,0.6858,77.1,48
P409227,0.664,0.7992,85.7,7
P409630,0.582,0.7777,83.5,297
P409631,0.74,0.86615,93.2,968
P409800,0.645,0.8065,88.4,3798
P409816,0.724,0.8569,88.9,45
P409834,0.653,0.8126,88.9,63
P409920,0.408,0.5902000000000001,76.2,42
P410101,0.384,0.5281,76.2,84
P410400,0.52,0.7845,79.0,2281
P410657,0.682,0.849,87.5,16
P410755,0.774,0.9238500000000001,90.4,104
P410756,0.735,0.93275,90.2,132
P410809,0.339,0.5873,67.7,31
P410883,0.515,0.7311,80.3,137
P411254,0.62,0.8621000000000001,84.0,306
P411360,0.675,0.83785,92.1,76
P411365,0.748,0.8946,92.9,1031
P411387,0.668,0.85155,88.9,5852
P411388,0.652,0.8317,87.7,1670
P411393,0.576,0.7758,85.1,934
P411401,0.57,0.7783,83.9,1025
P411403,0.805,0.9118,95.9,2487
P411539,0.63,0.82635,87.3,1366
P411540,0.626,0.8239,86.7,5315
P411881,0.441,0.6369,79.4,131
P412025,0.574,0.7788999999999999,83.1,390
P412117,0.6,0.73275,89.5,114
P412407,0.546,0.8294,75.3,81
P413326,0.751,0.8871,92.5,671
P413613,0.632,0.8365,88.1,134
P414293,0.595,0.8203,83.6,529
P414737,0.543,0.7574,80.4,479
P415202,0.496,0.7003,79.9,359
P415237,0.703,0.85995,91.0,1822
P415619,0.819,0.9354,95.2,1457
P415620,0.603,0.79305,85.9,504
P415667,0.543,0.765,82.8,623
P415701,0.634,0.803,87.6,1829
P415747,0.683,0.8392,90.8,1346
P415771,0.762,0.8971,93.8,2483
P415773,0.609,0.7937,86.5,363
P415777,0.57,0.8009,83.4,2548
P416139,0.681,0.8553,90.0,977
P416312,0.643,0.80105,90.2,194
P416341,0.649,0.84675,87.7,1378
P416344,0.617,0.7676,87.4,119
P416538,0.64,0.77515,90.5,42
P416552,0.683,0.8516,89.8,205
P416560,0.587,0.8018000000000001,85.0,638
P416561,0.618,0.815,85.8,711
P416562,0.475,0.6940500000000001,77.5,652
P416563,0.736,0.8777,92.6,1470
P416564,0.634,0.7901,87.8,477
P416588,0.162,0.1597,50.0,4
P416589,0.868,0.9411499999999999,100.0,8
P416725,0.642,0.8341,82.8,29
P416728,0.748,0.8687,94.3,35
P416755,0.584,0.81455,86.3,146
P416815,0.705,0.8718,90.5,1446
P416816,0.653,0.8351500000000001,88.4,1670
P416824,0.521,0.7394000000000001,80.1,156
P416825,0.475,0.7543,79.2,159
P416923,0.548,0.7488999999999999,82.8,326
P417107,0.687,0.8516,90.1,71
P417110,0.344,0.6059,66.7,15
P417111,0.566,0.7717,87.3,55
P417114,0.744,0.8687,93.3,45
P417115,0.517,0.702,85.7,35
P417118,0.66,0.7666,91.0,67
P417238,0.678,0.8356,90.3,6141
P417241,0.751,0.8932,94.5,199
P417242,0.593,0.7638,85.9,192
P417243,0.535,0.7351,82.2,45
P417323,0.717,0.7831,94.6,37
P417359,0.766,0.7534000000000001,100.0,14
P417604,0.59,0.8598,81.2,32
P417625,0.567,0.7842,79.6,108
P417867,0.689,0.8296,90.0,260
P417936,0.612,0.812,86.4,1348
P417980,0.599,0.81035,87.4,350
P417984,0.594,0.78565,86.1,244
P418218,0.618,0.8066,86.3,4159
P418221,0.607,0.8147,84.0,156
P418346,0.691,0.8795,89.2,1796
P418624,0.717,0.8772,90.7,1121
P418629,0.678,0.8519,89.7,1101
P418872,0.746,0.8777,93.3,877
P419221,0.499,0.7717,78.4,844
P419222,0.452,0.6966,77.1,1361
P419223,0.565,0.7813,82.7,1066
P419466,0.548,0.8438,79.3,58
P419633,0.39,0.67445,66.9,142
P420143,0.582,0.8405,84.8,250
P420158,0.707,0.8619,91.6,419
P420224,0.607,0.82945,84.2,532
P420230,0.512,0.6973,80.5,205
P420638,0.684,0.8054,89.2,37
P420652,0.639,0.80705,87.6,16084
P420699,0.68,0.8555,88.5,651
P421235,0.755,0.8855,93.7,2606
P421243,0.704,0.8402,92.5,2187
P421249,0.705,0.8681,88.7,62
P421271,0.346,0.4914,69.7,89
P421275,0.488,0.68535,78.8,4576
P421276,0.783,0.8966,95.1,1041
P421277,0.58,0.80135,84.0,1158
P421432,0.434,0.6249,74.5,589
P421600,0.605,0.8439,84.0,312
P421996,0.678,0.8364,90.1,2513
P421997,0.571,0.7785500000000001,83.0,194
P421998,0.604,0.7929999999999999,85.6,1168
P422000,0.588,0.7684,84.4,1665
P422002,0.634,0.8011,87.7,521
P422003,0.652,0.8423499999999999,87.0,138
P422004,0.495,0.69,80.2,91
P422005,0.499,0.76065,79.8,84
P422007,0.72,0.8778,91.8,862
P422011,0.599,0.7838,87.9,182
P422012,0.56,0.7628999999999999,84.2,158
P422013,0.705,0.85375,92.2,306
P422022,0.571,0.7503,83.1,910
P42204,0.66,0.8065,89.4,5198
P42205,0.711,0.8389,92.3,2441
P422248,0.591,0.7989999999999999,84.4,186
P422253,0.415,0.468,78.8,33
P422257,0.679,0.8762,89.4,226
P422260,0.446,0.6946,66.7,15
P422428,0.715,0.8515999999999999,93.6,78
P422430,0.835,0.9188000000000001,97.4,1256
P422510,0.678,0.8364,90.1,2513
P422536,0.775,0.90665,93.5,2304
P422648,0.608,0.7865,80.8,52
P422649,0.557,0.8561,80.8,26
P422848,0.754,0.9186,95.2,21
P422905,0.702,0.8516,91.1,2964
P423123,0.773,0.8932,95.8,309
P423125,0.732,0.8438,94.9,156
P423127,0.749,0.8934,94.0,199
P423130,0.742,0.87555,93.3,390
P423134,0.724,0.8647,92.6,204
P423135,0.799,0.9259,94.2,225
P423136,0.772,0.9061,94.1,716
P423142,0.779,0.8786499999999999,95.3,428
P423143,0.667,0.85085,86.1,36
P423145,0.36,0.554,78.3,23
P423148,0.782,0.9097,94.5,1229
P423150,0.766,0.8953,93.4,317
P423157,0.511,0.79265,77.9,136
P423159,0.501,0.7707,76.5,51
P423163,0.725,0.8519,94.1,17
P423164,0.713,0.8356,91.3,23
P423165,0.528,0.7594,77.8,36
P423166,0.48,0.6369,80.0,5
P423167,0.722,0.7222,100.0,2
P423168,0.919,0.9188000000000001,100.0,2
P423169,0.529,0.61195,91.7,12
P423254,0.59,0.78905,84.8,290
P423259,0.623,0.8244,86.2,1077
P423264,0.487,0.69535,81.5,54
P423688,0.791,0.9067,94.9,4599
P423690,0.556,0.78555,78.6,28
P424378,0.567,0.7753,82.0,267
P424948,0.659,0.8317,89.2,1691
P424984,0.674,0.8582,89.2,65
P424985,0.701,0.8827,90.0,90
P424986,0.671,0.8873500000000001,86.7,180
P424987,0.398,0.5731999999999999,70.8,24
P424988,0.636,0.8288500000000001,86.6,470
P424989,0.656,0.8669,88.3,196
P424990,0.661,0.8709,88.4,173
P426080,0.664,0.8478,88.3,489
P426183,0.634,0.82655,87.5,2946
P426340,0.692,0.8528,89.9,1719
P426501,0.649,0.84675,87.7,1378
P426707,0.631,0.82665,86.6,1070
P426829,0.657,0.8164,89.2,409
P426836,0.593,0.8071,85.1,2692
P427393,0.392,0.63045,68.9,148
P427397,0.784,0.8999,94.4,1186
P427404,0.533,0.73285,80.7,166
P427405,0.622,0.80125,85.2,236
P427406,0.548,0.74615,82.3,2884
P427409,0.497,0.7094499999999999,79.2,394
P427410,0.418,0.6369,73.7,1113
P427411,0.506,0.6771499999999999,80.5,958
P427412,0.48,0.6808,75.1,755
P427413,0.574,0.7506,84.0,1289
P427414,0.601,0.7717,86.5,2052
P427415,0.582,0.7778,84.7,1619
P427416,0.433,0.624,73.7,2114
P427417,0.499,0.6988,79.9,5775
P427418,0.569,0.78095,83.3,706
P427419,0.558,0.7384,82.4,3781
P427420,0.559,0.7351,83.6,1607
P427421,0.57,0.7871,83.9,6045
P427513,0.308,0.4019,61.5,13
P427529,0.548,0.7223,83.3,389
P427536,0.616,0.82465,86.0,2358
P427638,0.688,0.8516,90.8,632
P427640,0.559,0.7506,81.8,11
P427641,0.499,0.7777,74.5,47
P427729,0.602,0.8422,84.4,64
P427731,0.863,0.9269,100.0,15
P427732,0.743,0.8316,92.3,13
P428005,0.4,0.66195,70.0,20
P428095,0.585,0.8074,83.9,1233
P428100,0.627,0.8389,87.0,762
P428103,0.73,0.8759,90.0,10
P428240,0.692,0.8621,90.4,219
P428250,0.544,0.7761,81.5,1566
P428255,0.636,0.802,88.1,151
P428414,0.636,0.8439,78.6,14
P428416,0.596,0.7661,87.5,834
P428422,0.527,0.624,87.9,33
P428423,0.606,0.88375,82.4,34
P428636,0.608,0.7416,87.0,23
P428637,0.489,0.6427499999999999,77.3,22
P428639,0.7,0.7416,100.0,13
P428668,0.616,0.7884,86.7,487
P428816,0.521,0.7494000000000001,79.2,400
P428819,0.672,0.8618,88.6,1926
P429043,0.518,0.8111,78.3,189
P429242,0.82,0.9182,96.0,1529
P429250,0.606,0.8048,85.5,475
P429504,0.179,0.13035,62.5,8
P429508,0.869,0.9323,100.0,23
P429515,0.535,0.7639,80.5,1483
P429516,0.761,0.9049,93.5,798
P429522,0.445,0.6732,74.4,125
P429526,0.641,0.76,91.3,103
P429529,0.557,0.7269,82.5,429
P429538,0.501,0.8402,73.3,15
P429637,0.611,0.8346,85.4,137
P429659,0.625,0.8402,83.5,97
P429661,0.66,0.8832,84.5,103
P429662,0.449,0.6948,74.5,239
P429675,0.609,0.7921,92.3,13
P429676,0.4,0.6034,74.2,31
P429683,0.667,0.8664499999999999,87.5,160
P429952,0.612,0.8225,85.8,4419
P429953,0.546,0.7906,82.3,497
P429954,0.583,0.8235,82.0,267
P430143,0.541,0.71095,83.3,12
P430146,0.691,0.861,89.9,1062
P430337,0.776,0.9051,94.2,2960
P430338,0.688,0.7303999999999999,95.8,24
P430405,0.789,0.87845,100.0,10
P430809,0.641,0.7378,87.5,16
P430812,0.621,0.8047,88.9,171
P430813,0.604,0.8271,84.1,107
P430818,0.635,0.7922,88.3,298
P430903,0.625,0.8409,84.6,299
P431180,0.604,0.8397,84.2,2849
P431181,0.602,0.85525,84.0,1072
P431187,0.676,0.8577,88.7,878
P431416,0.678,0.8516,89.4,47
P431418,0.556,0.8395,82.6,23
P431419,0.407,0.7717,68.0,25
P431733,0.617,0.7761,86.4,81
P431840,0.559,0.7574,83.4,151
P431847,0.674,0.8460000000000001,88.8,188
P431848,0.807,0.9208,95.7,1521
P432045,0.497,0.6959,78.0,644
P432048,0.723,0.9071,90.0,319
P432049,0.629,0.8445,85.9,510
P432053,0.63,0.80285,87.2,156
P432239,0.511,0.7096,78.0,191
P432240,0.277,0.24305000000000002,50.0,4
P432241,0.669,0.8597,88.4,716
P432242,0.698,0.86105,92.4,568
P432243,0.389,0.5763,71.4,196
P432255,0.647,0.6369,100.0,3
P432256,0.687,0.89665,92.9,28
P432262,0.603,0.8261499999999999,84.0,400
P432421,0.513,0.68335,81.8,88
P432662,0.409,0.714,65.6,61
P432668,0.707,0.8633500000000001,90.9,2042
P432818,0.735,0.9241,89.5,171
P432823,0.606,0.8421,84.8,303
P432824,0.573,0.8568,81.0,179
P432829,0.672,0.83355,90.0,2072
P432831,0.701,0.8834,91.1,214
P432835,0.658,0.8645499999999999,89.3,28
P433143,0.555,0.7382,81.9,260
P433155,0.66,0.7797499999999999,87.5,32
P433435,0.691,0.8863,89.4,1419
P433440,0.638,0.8818,81.8,33
P433443,0.737,0.886,92.5,986
P433444,0.83,0.9228,96.7,1074
P433446,0.709,0.897,85.7,14
P433453,0.355,0.6278,68.8,240
P433456,0.572,0.8185,84.8,343
P433457,0.708,0.8427,93.7,318
P433461,0.604,0.8419,83.3,42
P433465,0.655,0.83655,88.9,18
P433466,0.643,0.86545,86.4,22
P433468,0.559,0.7345,86.7,105
P433469,0.687,0.8068,89.7,39
P433519,0.514,0.7644,76.4,123
P433520,0.763,0.889,94.2,3471
P433521,0.737,0.8685499999999999,92.8,842
P433522,0.616,0.8219000000000001,80.0,60
P433524,0.807,0.8633,100.0,35
P433617,0.632,0.8356,85.1,47
P433618,0.657,0.85,87.2,109
P433619,0.542,0.8176,76.2,21
P433620,0.583,0.71855,91.7,12
P433621,0.463,0.5922000000000001,76.9,26
P433627,0.647,0.8622,88.6,491
P433884,0.717,0.8241,93.8,65
P433887,0.631,0.8318,87.2,2093
P433962,0.654,0.8381,91.3,23
P433971,0.711,0.8947,90.5,168
P433973,0.777,0.9046000000000001,94.8,230
P433974,0.715,0.8489,92.8,97
P433975,0.663,0.86915,88.8,116
P434336,0.714,0.875,90.6,1166
P434340,0.624,0.849,84.0,75
P434360,0.682,0.8519,89.4,1335
P434361,0.683,0.8508,89.8,402
P434545,0.785,0.9215,93.5,1238
P434546,0.585,0.8110999999999999,84.1,522
P434548,0.616,0.8223,85.4,1926
P434550,0.734,0.89415,90.2,306
P435209,0.836,0.9358,96.6,296
P435386,0.578,0.7579,85.6,410
P435387,0.6,0.7047,90.0,10
P435790,0.891,0.90245,100.0,4
P435800,0.693,0.8718,89.1,404
P435801,0.553,0.82725,83.3,48
P435975,0.59,0.784,81.8,247
P436094,0.656,0.8350500000000001,89.9,624
P436343,0.275,0.4404,63.6,11
P436346,0.657,0.8734999999999999,88.9,18
P436347,0.715,0.8257,90.9,11
P436353,0.627,0.8111,86.2,333
P436359,0.638,0.8402,86.5,1065
P436365,0.517,0.8016,76.9,121
P436378,0.662,0.8112,87.9,33
P436387,0.693,0.8844,88.7,529
P436891,0.472,0.7457,77.0,291
P437477,0.575,0.8088,82.6,69
P437960,0.616,0.7574,87.3,71
P437981,0.614,0.8221499999999999,84.7,476
P438362,0.754,0.8307,100.0,9
P438617,0.751,0.9118,93.2,427
P438618,0.795,0.9209499999999999,94.1,424
P438619,0.731,0.8955,91.0,531
P438620,0.769,0.91935,92.4,472
P438628,0.691,0.8585499999999999,90.5,84
P438629,0.656,0.8555,90.9,11
P438630,0.576,0.7379,85.7,7
P438632,0.405,0.6633,64.3,14
P438634,0.506,0.7717,77.8,9
P438635,0.537,0.742,79.3,82
P438637,0.64,0.8506,87.1,202
P438638,0.59,0.7779499999999999,87.5,8
P438640,0.726,0.7925500000000001,100.0,10
P438642,0.34,0.6249,66.7,18
P438643,0.631,0.8122,86.2,87
P438648,0.562,0.8417,79.5,39
P439055,0.782,0.8985,95.1,1319
P439057,0.741,0.87465,94.0,448
P439058,0.71,0.88625,90.3,1606
P439061,0.66,0.8478,88.0,2953
P439098,0.313,0.7103999999999999,66.7,6
P439099,0.594,0.8122,85.7,7
P439626,0.51,0.6407,81.0,63
P439643,0.457,0.6996,77.1,271
P439648,0.44,0.69375,65.4,26
P439672,0.559,0.7579,83.7,135
P439926,0.53,0.7745,80.9,1260
P439927,0.713,0.8608,91.8,279
P439928,0.532,0.7841,79.9,648
P440072,0.496,0.7177,79.1,91
P440075,0.598,0.8172,85.2,514
P440302,0.498,0.6956,83.9,31
P440305,0.698,0.85625,90.8,174
P440306,0.588,0.7251000000000001,89.3,84
P440307,0.658,0.8341,88.5,2353
P440309,0.643,0.8466,90.6,53
P440312,0.743,0.8744,93.3,1684
P440317,0.437,0.7574,73.4,109
P440482,0.512,0.7482,79.5,297
P440483,0.582,0.7840499999999999,84.9,126
P440484,0.716,0.8816,90.1,91
P440485,0.63,0.8018000000000001,88.9,72
P440486,0.535,0.7681,78.1,73
P440489,0.591,0.77905,87.1,62
P440490,0.385,0.554,72.2,79
P440491,0.611,0.7615,83.8,37
P440492,0.551,0.749,76.5,34
P440493,0.531,0.7964,77.4,31
P440494,0.597,0.803,85.7,49
P440496,0.322,0.5095,65.9,41
P440498,0.462,0.6487,78.8,396
P440499,0.49,0.6988,78.8,33
P440500,0.697,0.784,95.2,21
P440501,0.545,0.7582500000000001,82.3,62
P440502,0.398,0.6189,69.3,75
P440503,0.572,0.7866,82.0,167
P440504,0.652,0.8612500000000001,87.1,490
P440505,0.741,0.8705,95.5,22
P440650,0.757,0.8979,93.6,987
P440651,0.576,0.7783,84.3,2447
P440658,0.745,0.8977,93.2,133
P440922,0.565,0.8825,60.0,5
P440923,0.486,0.6212,73.3,30
P440925,0.659,0.8297,89.0,1644
P440926,0.558,0.69,84.8,105
P440929,0.674,0.8304499999999999,89.4,104
P440933,0.489,0.6563,78.7,127
P440934,0.529,0.7142,81.8,803
P440937,0.517,0.70575,81.1,222
P440949,0.751,0.88375,94.1,910
P440981,0.686,0.8689,88.7,177
P441045,0.589,0.84335,82.4,68
P441101,0.634,0.8191,87.1,3157
P441220,0.583,0.7639,85.1,437
P441323,0.626,0.7927,87.0,316
P441644,0.668,0.85135,88.9,5842
P441645,0.72,0.9197500000000001,90.0,40
P442001,0.604,0.8908,76.1,46
P442003,0.732,0.8837999999999999,92.0,526
P442263,0.397,0.5555,75.7,37
P442267,0.648,0.9167,81.5,27
P442535,0.571,0.7535000000000001,82.7,450
P442537,0.44,0.596,70.6,17
P442539,0.73,0.8368,92.9,84
P442540,0.706,0.8173,92.6,95
P442542,0.735,0.7877,100.0,15
P442545,0.61,0.8264,83.3,12
P442546,0.807,0.9035,97.4,77
P442548,0.536,0.5859,84.8,33
P442563,0.573,0.775,83.5,3225
P442564,0.627,0.8316,86.4,552
P442566,0.595,0.8122,84.7,1523
P442589,0.487,0.7096,77.4,447
P442594,0.672,0.8349,89.2,1486
P442713,0.493,0.6808,81.5,162
P442734,0.616,0.8268,86.9,61
P442741,0.775,0.8865000000000001,95.0,560
P442742,0.774,0.8878,95.1,546
P442743,0.777,0.9047499999999999,94.7,508
P442744,0.738,0.88215,92.6,986
P442745,0.683,0.8702,87.2,39
P442747,0.462,0.74075,72.4,58
P442748,0.705,0.8679,93.8,32
P442752,0.585,0.7934,83.9,255
P442753,0.534,0.74,79.4,247
P442754,0.484,0.7081,78.2,499
P442755,0.528,0.7847500000000001,80.5,164
P442756,0.563,0.8092,78.5,163
P442757,0.598,0.7964,84.8,243
P442758,0.575,0.7906,83.8,433
P442759,0.558,0.74105,83.3,228
P442761,0.675,0.879,89.1,841
P442830,0.62,0.7868999999999999,86.9,654
P442833,0.521,0.7276,80.0,140
P442836,0.722,0.8856,90.7,995
P442837,0.785,0.9174,94.5,420
P442838,0.688,0.8766,88.5,931
P442839,0.769,0.9217,92.4,569
P442840,0.66,0.8555,88.0,2466
P442841,0.42,0.49324999999999997,76.6,64
P442843,0.494,0.7041,79.2,462
P442850,0.662,0.82715,88.0,242
P442853,0.687,0.8601,90.5,95
P442854,0.632,0.8378,86.9,122
P442857,0.372,0.5572,69.7,577
P442858,0.811,0.9208,95.4,1231
P442859,0.727,0.8878,91.5,117
P442860,0.441,0.59925,83.3,30
P442867,0.776,0.90065,94.3,384
P442871,0.518,0.7241500000000001,80.8,432
P442989,0.455,0.7183999999999999,76.8,138
P442990,0.493,0.7744500000000001,78.3,414
P443349,0.671,0.8398,89.6,657
P443350,0.782,0.9097,94.5,1229
P443351,0.766,0.8953,93.4,317
P443352,0.791,0.9067,94.9,4599
P443358,0.751,0.8798,94.0,151
P443359,0.767,0.8733,95.4,475
P443366,0.82,0.8993,97.2,141
P443369,0.799,0.9313,94.5,181
P443370,0.799,0.9147,95.5,617
P443375,0.573,0.7186,78.1,32
P443376,0.306,0.6424,60.9,23
P443377,0.419,0.68065,68.8,16
P443383,0.379,0.5574,68.8,141
P443549,0.738,0.85775,93.8,16
P443550,0.456,0.6359,75.9,29
P443563,0.725,0.8655,91.7,3712
P443700,0.772,0.9061,94.1,716
P443810,0.087,0.0,41.2,17
P443812,0.509,0.8157000000000001,75.0,12
P443829,0.531,0.82595,80.9,392
P443830,0.683,0.8209,90.9,960
P443833,0.629,0.7966,88.1,1552
P443834,0.625,0.8217,88.0,175
P443837,0.66,0.7959,89.4,227
P443838,0.641,0.8213,88.7,291
P443839,0.602,0.7860499999999999,87.2,148
P443840,0.54,0.7258,81.7,1593
P443841,0.444,0.70225,75.9,514
P443842,0.619,0.7955,86.8,1139
P443843,0.653,0.8126,89.8,607
P443845,0.649,0.8074,88.8,1965
P443846,0.619,0.7605999999999999,88.1,578
P444013,0.635,0.867,83.3,84
P444057,0.768,0.889,94.9,683
P444216,0.727,0.8779,92.1,177
P444222,0.697,0.8626,89.8,354
P444225,0.612,0.8357,85.9,99
P444226,0.656,0.8500000000000001,87.8,312
P444237,0.594,0.635,90.0,10
P444470,0.753,0.8999,89.7,29
P444614,0.615,0.87295,84.2,120
P444615,0.557,0.765,78.8,33
P444718,0.597,0.7876,86.7,890
P444964,0.552,0.79775,80.4,56
P444967,0.599,0.7715,88.6,123
P444968,0.48,0.70785,77.3,66
P444969,0.605,0.7386,93.6,47
P444970,0.794,0.9355,93.3,356
P444980,0.666,0.85825,88.1,396
P444987,0.884,0.9313,100.0,7
P444990,0.228,0.3553,60.0,25
P445726,0.534,0.7594000000000001,80.4,46
P445822,0.68,0.8186,90.9,11
P445827,0.765,0.91735,93.0,1248
P445832,0.811,0.9067,96.7,541
P445833,0.748,0.8847,91.8,343
P445951,0.604,0.7929999999999999,85.6,1168
P446102,0.702,0.8271,90.9,11
P446111,0.524,0.67545,71.4,14
P446419,0.759,0.9088,92.5,387
P446421,0.782,0.9079,95.0,1266
P446422,0.657,0.88315,85.9,312
P446423,0.604,0.807,83.5,711
P446518,0.504,0.7634,78.1,32
P446612,0.378,0.6369,67.9,53
P446629,0.77,0.94725,89.5,76
P446630,0.84,0.9597,97.1,136
P446638,0.813,0.9251,95.6,113
P446639,0.533,0.8578,75.9,29
P446641,0.785,0.9008,95.3,531
P446820,0.666,0.8242499999999999,91.7,36
P446822,0.67,0.8678,88.0,25
P446908,0.675,0.7783,91.9,37
P446909,0.645,0.8442,87.4,349
P446916,0.67,0.89345,86.8,114
P446930,0.709,0.8621,91.3,1856
P446934,0.644,0.8802,86.3,541
P446938,0.633,0.8264,86.8,1987
P446942,0.556,0.7311,83.6,985
P447199,0.646,0.84985,87.5,128
P447200,0.686,0.8567,90.3,134
P447210,0.662,0.8513,88.0,1009
P447212,0.676,0.8357,89.6,879
P447213,0.657,0.8752500000000001,86.5,148
P447409,0.662,0.807,91.4,35
P447504,0.539,0.8516,79.8,99
P447592,0.618,0.7579,89.2,1471
P447596,0.542,0.70365,83.7,356
P447597,0.594,0.7964,84.0,75
P447603,0.719,0.8625,92.2,528
P447604,0.74,0.8478,100.0,19
P447607,0.513,0.7369,82.8,29
P447608,0.732,0.8106,92.6,27
P447773,0.533,0.7689999999999999,81.7,82
P447778,0.579,0.7969999999999999,83.5,346
P447780,0.716,0.8805,90.6,1544
P447781,0.73,0.86235,94.1,810
P447782,0.725,0.857,93.5,815
P447783,0.686,0.8772,85.7,70
P447785,0.648,0.796,90.1,253
P447787,0.4,0.6952,68.4,38
P447788,0.713,0.79135,94.4,18
P447789,0.367,0.6124,65.7,67
P447790,0.401,0.4939,73.5,49
P447791,0.62,0.8298,85.8,1886
P448181,0.474,0.7566,75.8,281
P448184,0.826,0.9111,96.6,551
P448185,0.778,0.906,95.5,641
P448192,0.613,0.836,86.3,183
P448200,0.749,0.8661,93.1,160
P448201,0.742,0.86245,94.6,202
P448202,0.795,0.8934,95.9,944
P448203,0.755,0.8852,93.4,1419
P448207,0.815,0.9263,95.6,1776
P448530,0.565,0.7506,83.4,637
P448537,0.596,0.75135,87.9,116
P448542,0.513,0.7125,81.2,16
P448544,0.749,0.8883,88.9,9
P448545,0.301,0.51505,60.0,10
P448546,0.813,0.9017,100.0,9
P448547,0.914,0.9413,100.0,3
P448548,0.716,0.9282,90.9,11
P448549,0.685,0.8741,88.9,9
P448550,0.875,0.8507,100.0,5
P448551,0.688,0.6689,100.0,7
P448553,0.812,0.8735999999999999,100.0,22
P448554,0.617,0.81945,86.2,58
P448557,0.571,0.78485,75.0,16
P448558,0.434,0.70935,77.3,22
P448562,0.644,0.8645,89.9,69
P448563,0.167,0.3182,57.1,49
P448564,0.386,0.6088,75.0,16
P448565,0.382,0.7412,72.7,11
P448710,0.54,0.7807,80.6,67
P448711,0.652,0.8628,88.7,53
P448713,0.809,0.8283,100.0,8
P448715,0.754,0.8158,100.0,30
P448719,0.691,0.86355,90.5,442
P448802,0.596,0.78375,84.5,1142
P448852,0.524,0.7372,82.1,659
P448853,0.552,0.705,82.0,189
P448932,0.793,0.9265,92.7,177
P448934,0.595,0.7727,86.6,187
P448937,0.673,0.8589,88.8,1178
P449102,0.736,0.8727,92.9,112
P449150,0.691,0.8765,88.9,27
P449156,0.815,0.9188,97.0,67
P449158,0.595,0.7654,85.2,155
P449164,0.486,0.6421,77.8,18
P449175,0.708,0.8655,91.4,1049
P449177,0.771,0.9104000000000001,93.9,148
P449180,0.661,0.8521,88.3,896
P449188,0.583,0.7857000000000001,85.3,300
P449410,0.643,0.8806,83.3,12
P449411,0.641,0.6988000000000001,92.9,14
P449541,0.78,0.91805,94.2,206
P449599,0.651,0.83175,88.7,1602
P449601,0.718,0.8668,86.7,15
P449835,0.413,0.6304000000000001,72.0,50
P449836,0.629,0.8217,86.7,45
P450210,0.688,0.83295,92.9,70
P450211,0.666,0.8402,88.3,137
P450244,0.632,0.75455,89.9,308
P450262,0.623,0.8074,87.6,443
P450271,0.678,0.8356,90.3,6141
P450290,0.765,0.8908,93.7,174
P450583,0.588,0.7716,86.5,171
P450587,0.79,0.90465,93.2,88
P450614,0.491,0.6696,78.9,511
P450632,0.776,0.8929,95.0,278
P450633,0.706,0.8831500000000001,89.9,406
P450917,0.502,0.743,80.1,1682
P450934,0.774,0.8301,100.0,14
P450935,0.816,0.8064,100.0,3
P450947,0.428,0.64575,72.6,84
P451727,0.741,0.8026,100.0,8
P451728,0.392,0.59675,75.0,12
P451737,0.406,0.64015,75.0,8
P451745,0.632,0.798,83.3,24
P451748,0.709,0.8612,90.9,132
P451750,0.669,0.8027500000000001,83.3,6
P452002,0.501,0.7047,85.1,47
P452004,0.664,0.8537,88.2,68
P453224,0.679,0.85805,89.2,966
P453225,0.576,0.7512,84.6,1232
P453226,0.591,0.8381,84.0,445
P453227,0.705,0.8555,91.1,528
P453253,0.72,0.872,92.4,1674
P453713,0.779,0.9259,92.3,220
P453816,0.627,0.7906,88.0,4370
P453818,0.68,0.7901,91.2,125
P453822,0.616,0.7681,86.6,82
P453823,0.731,0.8705,93.3,599
P453824,0.79,0.9044000000000001,95.4,676
P453825,0.79,0.891,96.9,1511
P453826,0.818,0.9102,97.2,317
P453928,0.717,0.8694500000000001,91.9,360
P453929,0.76,0.88735,95.2,334
P453930,0.77,0.8844,94.9,945
P454018,0.78,0.8952,95.2,1348
P454019,0.722,0.8717,92.6,621
P454029,0.755,0.8529,100.0,18
P454084,0.754,0.8963,93.6,760
P454085,0.717,0.86745,92.3,470
P454086,0.732,0.8717,93.7,504
P454090,0.658,0.8654,90.7,75
P454095,0.688,0.88165,89.1,266
P454100,0.671,0.859,88.7,302
P454102,0.568,0.7935,82.8,367
P454120,0.653,0.8382,87.8,1105
P454313,0.712,0.8695,91.4,977
P454315,0.73,0.8879,91.7,48
P454375,0.342,0.51685,78.6,14
P454376,0.484,0.7845,76.3,59
P454377,0.324,0.6331,68.4,19
P454378,0.743,0.88305,92.8,1070
P454380,0.615,0.8074,87.3,3261
P454383,0.578,0.7717,84.6,1058
P454384,0.578,0.7717,84.6,1058
P454385,0.554,0.7334,77.2,57
P454387,0.606,0.83125,84.5,394
P454388,0.606,0.83125,84.5,394
P454389,0.522,0.7184,81.9,293
P454391,0.391,0.6486,63.2,19
P454395,0.565,0.7579,85.3,75
P454396,0.721,0.8555,93.2,763
P454514,0.584,0.7845,84.8,33
P454771,0.79,0.8955,97.7,86
P454794,0.618,0.8066,86.3,4159
P454795,0.682,0.91605,83.3,6
P454799,0.637,0.8478,86.6,499
P454800,0.594,0.8260000000000001,75.0,8
P454806,0.836,0.9291,97.4,654
P454807,0.592,0.8079000000000001,83.3,18
P454821,0.514,0.7485,79.4,107
P454822,0.577,0.7391,90.5,21
P454837,0.763,0.897,92.5,412
P454838,0.591,0.8074,85.4,1043
P454935,0.725,0.857,93.5,815
P454936,0.676,0.8357,89.6,879
P454937,0.4,0.6952,68.4,38
P454939,0.745,0.8475,95.7,23
P455010,0.284,0.5077,66.7,21
P455191,0.739,0.836,100.0,17
P455212,0.567,0.7745,80.2,121
P455215,0.458,0.6916,73.9,46
P455217,0.637,0.8516,84.6,65
P455227,0.604,0.7568,86.2,29
P455229,0.658,0.6577999999999999,100.0,2
P455235,0.602,0.8725,80.8,26
P455236,0.866,0.9544,96.8,1049
P455237,0.812,0.9429,94.0,465
P455241,0.759,0.8949,92.6,555
P455242,0.681,0.8679,89.1,313
P455332,0.695,0.8049,88.9,18
P455338,0.62,0.8429,85.6,202
P455339,0.531,0.72655,79.7,172
P455341,0.759,0.90865,90.4,52
P455364,0.534,0.7639,81.3,3000
P455365,0.613,0.78835,85.8,296
P455366,0.522,0.7073,81.7,662
P455368,0.588,0.7906,84.5,671
P455369,0.518,0.7351,81.5,788
P455421,0.772,0.8462,100.0,23
P455610,0.423,0.5710500000000001,75.0,48
P455611,0.571,0.7503,83.1,910
P455612,0.837,0.9408,96.4,167
P455613,0.75,0.92305,90.8,262
P455614,0.82,0.9309,96.4,167
P455618,0.676,0.89175,90.0,100
P455622,0.482,0.6808,76.9,91
P455623,0.722,0.8519,92.7,193
P455676,0.645,0.85535,86.6,2212
P455894,0.633,0.784,88.2,289
P455897,0.535,0.7596499999999999,81.0,42
P455898,0.663,0.8305,87.9,206
P455899,0.645,0.81565,87.3,244
P455900,0.595,0.7783,86.8,295
P455909,0.719,0.8486,90.6,32
P455915,0.152,0.15170000000000003,50.0,2
P455919,0.627,0.78885,89.7,58
P455924,0.663,0.8461000000000001,88.7,318
P455926,0.617,0.83115,85.4,1012
P455927,0.617,0.83115,85.4,1012
P455929,0.783,0.9021,94.7,340
P455930,0.632,0.81285,87.1,140
P455931,0.753,0.8777,93.9,99
P455934,0.698,0.85605,90.7,622
P455936,0.724,0.8777,92.2,1200
P456126,0.758,0.9048,93.7,789
P456192,0.729,0.8878,91.7,410
P456193,0.77,0.9054,93.7,381
P456194,0.83,0.9117,97.9,193
P456203,0.658,0.8481,84.2,19
P456204,0.49,0.8411,80.0,30
P456206,0.793,0.9117,94.5,402
P456207,0.741,0.8591,94.3,3112
P456208,0.72,0.87745,92.4,1196
P456210,0.581,0.76965,92.9,28
P456211,0.773,0.8973500000000001,95.0,1110
P456213,0.769,0.8906,95.0,2128
P456218,0.686,0.8689,89.4,2065
P456392,0.667,0.8453999999999999,90.7,1464
P456395,0.823,0.9239,95.1,143
P456398,0.791,0.9087,95.2,2937
P456399,0.752,0.8777,94.4,605
P456400,0.694,0.8176,92.3,378
P456401,0.499,0.7882,78.3,23
P456407,0.63,0.84065,83.3,24
P456410,0.532,0.7717,80.7,653
P456412,0.797,0.90515,95.5,4180
P456413,0.694,0.8773,88.2,85
P456414,0.753,0.8955500000000001,93.1,506
P456417,0.694,0.88,89.9,622
P456418,0.708,0.8673,91.3,1421
P456421,0.524,0.7111,78.6,159
P456434,0.487,0.62465,87.5,8
P456566,0.679,0.891,88.3,1041
P456569,0.601,0.9032,78.3,23
P456571,0.662,0.8452,87.7,351
P456572,0.603,0.7845,83.5,291
P456582,0.731,0.8908,92.5,386
P456957,0.591,0.7841,85.7,63
P456988,0.596,0.8514999999999999,83.6,280
P456989,0.709,0.8979,91.5,47
P456990,0.413,0.6688,68.6,35
P456991,0.512,0.808,78.4,88
P456992,0.653,0.7845,88.2,17
P456994,0.583,0.8182,82.4,392
P456997,0.625,0.8585,89.4,47
P457002,0.796,0.8932,95.7,69
P457005,0.8,0.907,95.8,979
P457008,0.751,0.8957,92.6,566
P457009,0.798,0.9149,100.0,6
P457010,0.885,0.9345,100.0,9
P457011,0.894,0.9258,100.0,13
P457012,0.768,0.94465,91.7,12
P457272,0.558,0.7935,78.6,14
P457273,0.395,0.74475,70.0,10
P457274,0.738,0.804,100.0,7
P457279,0.755,0.8793,100.0,3
P457439,0.375,0.4605,72.4,29
P457441,0.752,0.9056,90.9,33
P457442,0.427,0.62795,74.8,238
P457468,0.5,0.80425,79.2,24
P457510,0.699,0.8615999999999999,91.7,278
P457512,0.663,0.8623000000000001,87.8,476
P457517,0.775,0.8971,93.8,699
P457519,0.424,0.5704,75.7,37
P457520,0.445,0.7302,74.2,31
P457521,0.726,0.883,91.9,484
P457522,0.743,0.884,93.5,325
P457694,0.684,0.8759,88.0,108
P457695,0.723,0.8861,90.6,350
P457696,0.7,0.8835500000000001,89.6,144
P457697,0.767,0.8973,92.9,156
P457854,0.823,0.92,94.7,19
P457864,0.721,0.8728,92.3,597
P458209,0.704,0.9076,89.3,1356
P458216,0.645,0.85535,86.6,2212
P458219,0.72,0.8786,91.4,3321
P458546,0.864,0.9602,95.2,251
P458573,0.667,0.76755,94.4,18
P458576,0.673,0.8484,90.3,844
P458724,0.653,0.8283499999999999,88.7,238
P458733,0.581,0.7912,85.0,40
P458755,0.752,0.8972,93.9,954
P458900,0.763,0.88185,95.0,678
P458917,0.826,0.9485,94.5,344
P458958,0.749,0.8541000000000001,91.7,12
P458961,0.771,0.8954500000000001,94.4,18
P458962,0.524,0.8061,73.3,15
P458963,0.325,0.3818,80.0,5
P458964,0.635,0.8382499999999999,85.2,54
P459116,0.666,0.83175,92.3,52
P459127,0.669,0.8081,89.3,514
P459128,0.619,0.765,87.3,307
P459129,0.615,0.7249,89.2,268
P459130,0.665,0.7841,91.9,321
P459131,0.689,0.8641,86.4,81
P459133,0.705,0.8555,91.1,528
P459140,0.556,0.71895,81.0,42
P459141,0.676,0.8451,89.0,821
P459299,0.769,0.8906,95.0,2128
P459300,0.773,0.8973500000000001,95.0,1110
P459301,0.72,0.87745,92.4,1196
P459835,0.348,0.5994,63.4,41
P460010,0.32,0.4528,63.2,38
P460511,0.402,0.6837,66.7,18
P460512,0.75,0.8953,92.8,1835
P460513,0.781,0.9209499999999999,93.5,292
P460514,0.759,0.91125,93.1,304
P460515,0.735,0.88915,91.9,1018
P460516,0.728,0.88315,92.0,1428
P460554,0.683,0.872,88.9,117
P460578,0.754,0.88615,93.6,738
P460622,0.222,0.22165,50.0,2
P460624,0.845,0.93125,96.9,416
P460627,0.262,0.4019,66.7,99
P460701,0.647,0.83475,86.3,386
P460704,0.757,0.86195,94.4,18
P460723,0.36,0.6093,70.0,524
P460746,0.662,0.81535,92.6,54
P460747,0.713,0.8894,90.3,631
P460756,0.545,0.6696,80.0,15
P460757,0.56,0.6608499999999999,75.0,4
P460758,0.681,0.9098,88.1,109
P460779,0.77,0.875,95.5,3727
P460855,0.215,0.3612,60.6,611
P460856,0.653,0.8164,88.7,373
P461159,0.672,0.82255,91.1,2412
P461160,0.672,0.82255,91.1,2412
P461161,0.57,0.7192,85.7,77
P461162,0.513,0.7804,78.5,65
P461165,0.694,0.8442,90.7,627
P461177,0.647,0.8622,88.6,491
P461195,0.559,0.7155499999999999,86.1,36
P461199,0.633,0.8624499999999999,81.8,22
P461200,0.712,0.8264,88.9,27
P461213,0.723,0.8934,91.8,657
P461439,0.692,0.8601,90.3,595
P461451,0.795,0.90415,95.3,834
P461491,0.693,0.8553,91.4,174
P461520,0.603,0.8316,85.4,157
P461521,0.593,0.7506,88.1,67
P461522,0.3,0.38465,67.7,186
P461535,0.612,0.8376,84.0,25
P461537,0.763,0.8932,93.8,2453
P461555,0.658,0.8341,88.5,2353
P461667,0.59,0.7764,84.4,257
P461933,0.672,0.82255,91.1,2412
P461935,0.808,0.94,95.2,229
P461936,0.742,0.93285,89.5,114
P461937,0.142,0.0,46.2,13
P461947,0.7,0.8151,93.3,45
P461948,0.723,0.875,92.4,171
P461949,0.762,0.8955,93.1,563
P461950,0.599,0.82915,83.3,18
P462336,0.789,0.8947,95.9,1331
P462339,0.796,0.9241,94.6,241
P462344,0.783,0.9022,95.0,320
P462347,0.735,0.88915,91.9,1018
P462375,-0.063,-0.21935,33.3,6
P462378,0.671,0.8468,80.0,10
P462379,0.463,0.45855,83.3,6
P462381,0.402,0.6696,66.7,9
P462383,0.591,0.82395,75.0,4
P462384,0.644,0.7645,100.0,5
P462386,0.76,0.8488,100.0,4
P462390,0.703,0.85505,92.0,438
P462666,0.763,0.9049,92.0,398
P462699,0.745,0.886,92.7,1921
P462747,0.583,0.8235,82.0,267
P462748,0.732,0.90065,91.2,170
P462829,0.622,0.8533,85.2,237
P462891,0.77,0.9003,95.0,259
P463036,0.734,0.9001,91.5,1341
P463105,0.781,0.8883,95.6,937
P463106,0.816,0.914,100.0,5
P463109,0.687,0.9004,75.0,4
P463110,0.572,0.65435,90.0,10
P463144,0.591,0.8016,85.0,547
P463353,0.63,0.87575,84.5,528
P463371,0.672,0.83355,90.0,2072
P463613,0.514,0.7426,80.2,96
P463665,0.717,0.866,90.5,379
P463791,0.492,0.8039,81.8,11
P463792,0.584,0.791,84.6,13
P463951,0.052,0.0,42.9,7
P463964,0.572,0.8086,82.1,95
P464233,0.73,0.86235,94.1,810
P464234,0.757,0.8685,96.6,267
P464235,0.719,0.8459,93.8,260
P464237,0.593,0.8036,85.1,101
P464238,0.771,0.8779,94.8,519
P464239,0.739,0.865,93.4,377
P464240,0.686,0.891,88.6,105
P464241,0.548,0.7269,85.4,287
P464242,0.798,0.8895,96.7,122
P464243,0.676,0.8442,90.6,434
P464244,0.785,0.9042,95.3,107
P464245,0.771,0.8882,95.7,301
P464250,0.514,0.7583,82.6,23
P464288,0.341,0.6189,64.7,17
P464799,0.189,0.43875,53.6,28
P465365,0.679,0.8845,87.2,179
P465368,0.585,0.8074,83.9,1233
P465741,0.84,0.9465,96.3,349
P465752,0.495,0.7237,79.0,162
P465803,0.821,0.9178,96.7,150
P465808,0.415,0.6319,77.3,75
P466114,0.788,0.8987499999999999,95.8,358
P466117,0.697,0.8658,91.0,677
P466122,0.798,0.9047,95.7,716
P466123,0.764,0.9118,92.9,2200
P466134,0.8,0.93155,94.5,632
P466142,0.819,0.9198,96.5,1277
P466153,0.768,0.9032,93.4,700
P466154,0.677,0.87755,88.7,574
P466155,0.823,0.9245,96.3,1391
P466163,0.743,0.88695,92.4,434
P466164,0.743,0.8948,92.8,993
P466661,0.793,0.9133,95.1,485
P466673,0.701,0.8555,91.3,663
P466878,0.277,0.5916,64.7,17
P467028,0.871,0.9641,97.3,75
P467038,0.673,0.855,89.0,1331
P467106,0.774,0.927,90.5,21
P467107,0.697,0.81735,90.0,10
P467110,0.743,0.8955,92.3,636
P467111,0.733,0.89185,93.0,314
P467112,0.636,0.6955,88.2,17
P467115,0.446,0.68345,75.8,186
P467118,0.701,0.8919,89.6,307
P467120,0.757,0.9086,93.1,363
P467122,0.761,0.902,93.8,449
P467123,0.757,0.9127,91.2,467
P467124,0.771,0.9041,94.2,553
P467126,0.689,0.89035,87.4,604
P467129,0.254,0.5157,60.0,15
P467137,0.78,0.9017999999999999,94.4,484
P467247,0.657,0.8413,87.6,427
P467248,0.612,0.8150999999999999,85.8,486
P467249,0.667,0.8516,88.8,785
P467250,0.608,0.82865,83.9,168
P467251,0.72,0.8588,91.7,278
P467602,0.723,0.84665,93.4,1142
P467608,0.637,0.643,100.0,8
P467614,0.76,0.9378500000000001,91.9,148
P467615,0.741,0.8743,93.8,744
P467617,0.711,0.8743,90.6,297
P467628,0.21,0.128,56.5,23
P467630,0.763,0.8914500000000001,92.3,298
P467635,0.451,0.86185,68.2,22
P467647,0.491,0.7399,77.9,331
P467649,-0.074,-0.0151,28.6,7
P467650,0.52,0.7647,80.6,31
P467651,0.548,0.78355,78.6,56
P467652,0.465,0.6369,78.4,319
P467655,0.451,0.6516500000000001,75.7,920
P467748,0.657,0.8481,86.8,174
P467749,0.771,0.87835,96.5,172
P467750,0.83,0.91555,96.1,336
P467755,0.547,0.7394,84.6,13
P467756,0.523,0.8109999999999999,75.0,8
P467757,0.682,0.77005,100.0,4
P467762,0.72,0.8786,91.4,3321
P467945,0.844,0.9430499999999999,97.1,678
P467969,0.858,0.95645,95.0,60
P467970,0.918,0.9606,98.3,58
P467971,0.695,0.8524499999999999,91.1,370
P467972,0.781,0.9232,93.0,100
P467973,0.588,0.8389500000000001,82.7,254
P467976,0.68,0.8879,89.1,377
P468143,0.668,0.8173,89.2,37
P468149,0.708,0.9193,88.8,107
P468196,0.201,0.148,50.0,4
P468211,0.667,0.8683,88.0,183
P468229,0.636,0.7866500000000001,85.0,20
P468351,0.73,0.855,93.4,1730
P468354,0.605,0.7469,92.3,13
P468369,0.816,0.95375,93.6,172
P468390,0.878,0.93,100.0,3
P468396,0.786,0.9035,94.7,226
P468408,0.726,0.8625,92.6,747
P468409,0.737,0.8791,93.0,831
P468410,0.629,0.75615,83.3,6
P468411,0.715,0.88295,91.4,442
P468412,0.653,0.8211,94.1,17
P468634,0.676,0.786,92.3,26
P468637,0.632,0.8296,86.3,438
P468640,0.819,0.9227,96.3,267
P468652,0.658,0.87005,84.2,38
P468658,0.771,0.9009,94.1,1200
P468671,0.552,0.7819,81.1,37
P468672,0.748,0.88975,95.1,102
P468684,0.843,0.9423,96.5,459
P468709,0.626,0.8011,85.7,91
P468813,0.767,0.9193,94.3,176
P468818,0.705,0.8651,92.7,55
P468821,0.704,0.8555,90.1,535
P468850,0.847,0.94235,97.5,120
P469028,0.452,0.63495,75.0,20
P469085,0.652,0.8126,89.7,39
P469086,0.77,0.88565,95.0,100
P469087,0.477,0.7529,74.3,70
P469088,0.71,0.8675,91.4,347
P469110,0.825,0.9357,96.3,81
P469111,0.761,0.9169,91.7,96
P469112,0.895,0.9451,100.0,91
P469118,0.733,0.8777,92.3,299
P469121,0.866,0.8794,100.0,10
P469193,-0.178,-0.1806,25.0,4
P469196,0.462,0.731,73.6,110
P469200,0.517,0.7081,83.3,24
P469213,0.803,0.9083,96.0,886
P469439,0.568,0.8011999999999999,83.1,278
P469444,0.859,0.94475,96.6,176
P469448,0.313,0.555,64.7,17
P469449,0.432,0.59875,79.2,24
P469451,0.587,0.807,87.0,23
P469452,0.522,0.6309,87.5,8
P469454,0.773,0.9022,92.5,67
P469478,0.521,0.77695,80.3,76
P469482,0.644,0.8953,84.9,557
P469490,0.754,0.91015,92.6,718
P469502,0.538,0.7576499999999999,81.2,1200
P469503,0.524,0.7181,80.6,412
P469504,0.745,0.8643,93.6,47
P469505,0.69,0.8664000000000001,89.7,146
P469506,0.707,0.9038,89.0,435
P469507,0.694,0.8212,92.6,215
P469508,0.692,0.8944,87.2,47
P469510,0.667,0.84375,89.4,264
P469511,0.711,0.88885,90.5,220
P469512,0.645,0.8953,83.7,43
P469513,0.452,0.6855,73.0,74
P469514,0.804,0.887,98.2,55
P469515,0.636,0.7464999999999999,92.4,66
P469516,0.701,0.7783,96.6,59
P469517,0.74,0.89805,93.3,90
P469518,0.423,0.6407,70.3,37
P469519,0.742,0.886,95.0,238
P469520,0.802,0.926,93.5,200
P469521,0.437,0.6705,76.0,25
P469522,0.652,0.8393,88.9,407
P469523,0.237,0.4404,64.0,25
P469524,0.683,0.8648,89.5,133
P469525,0.601,0.6696,89.1,55
P469526,0.542,0.79175,79.5,44
P469527,0.805,0.9249499999999999,93.5,62
P469528,0.76,0.9176,92.0,137
P469530,0.704,0.8816,89.8,245
P469537,0.906,0.95375,98.7,302
P469538,0.824,0.9195,96.3,977
P469544,0.478,0.6871,84.7,59
P469801,0.883,0.8834,100.0,1
P469806,0.568,0.7266,86.7,15
P469818,0.732,0.89835,91.3,208
P469829,0.933,0.933,100.0,1
P469830,0.805,0.885,100.0,16
P469831,0.79,0.9154,93.9,66
P469832,0.881,0.9257,98.2,55
P469833,0.877,0.94275,98.1,52
P469862,0.763,0.9173,93.7,223
P470007,0.652,0.8211999999999999,87.0,154
P470024,0.663,0.8726,87.8,713
P470040,0.698,0.8714,89.6,201
P470041,0.745,0.8891,92.6,1045
P470048,0.616,0.83135,81.0,42
P470049,0.721,0.92405,87.5,40
P470057,0.639,0.8729,83.5,455
P470058,0.825,0.933,97.3,262
P470065,0.721,0.8733,91.4,349
P470217,0.691,0.8757,89.1,193
P470221,0.793,0.8882,96.1,305
P470227,0.797,0.9057,95.9,362
P470240,0.643,0.7839,89.9,129
P470243,0.751,0.8912,93.8,466
P470245,0.662,0.8408,88.2,34
P470246,0.762,0.9467,90.5,21
P470247,0.776,0.8395,97.0,33
P470248,0.683,0.9460999999999999,83.3,18
P470255,0.615,0.8074,87.3,3259
P470259,0.355,0.5719,69.2,919
P470506,0.81,0.9167,95.8,661
P470507,0.739,0.8993,92.8,430
P470508,0.407,0.7408,76.5,17
P470509,0.735,0.8968,90.5,493
P470510,0.586,0.7922,84.4,32
P470529,0.736,0.8999,91.7,1417
P470533,0.73,0.86805,88.9,36
P470535,0.816,0.9208000000000001,95.9,122
P470536,0.813,0.9126,95.9,847
P470538,0.67,0.6696,100.0,1
P470545,0.606,0.7737,87.5,24
P470548,0.89,0.844,100.0,3
P471000,0.794,0.9185,95.3,169
P471003,0.751,0.8916999999999999,93.0,610
P471009,0.803,0.93075,94.3,192
P471011,0.748,0.7983,94.4,18
P471017,0.734,0.9243,100.0,9
P471025,0.752,0.9161999999999999,92.3,912
P471029,0.716,0.8655,92.9,815
P471033,0.804,0.917,95.2,209
P471037,0.713,0.8778,90.2,388
P471038,0.727,0.8773,91.7,206
P471039,0.496,0.685,79.8,252
P471040,0.608,0.7684,85.1,87
P471041,0.597,0.8067,82.1,123
P471042,0.617,0.7783,87.1,93
P471043,0.766,0.90855,92.5,642
P471045,0.76,0.9213,91.5,94
P471046,0.841,0.9384,96.2,1018
P471062,0.656,0.84615,87.5,40
P471064,0.133,0.2484,56.8,37
P471065,0.679,0.8516,90.4,795
P471085,0.465,0.72445,69.4,36
P471086,0.666,0.8331500000000001,89.3,28
P471097,0.802,0.9402,94.6,130
P471101,0.769,0.9165,92.8,503
P471111,0.793,0.9025,95.9,462
P471226,0.786,0.9194,93.7,703
P471227,0.779,0.9231499999999999,94.6,240
P471237,0.815,0.9282,95.3,1809
P471535,0.813,0.903,97.0,1242
P471541,0.709,0.8977,91.4,185
P471545,0.757,0.8095,100.0,4
P471546,0.629,0.8268,86.9,5029
P471547,0.529,0.6792,77.1,35
P471566,0.654,0.8223,88.5,52
P471567,0.727,0.8938,91.4,93
P471761,0.714,0.8560000000000001,91.1,112
P471784,0.667,0.6808,100.0,3
P471788,0.617,0.78155,88.1,732
P471793,0.789,0.9048,94.0,166
P472021,0.785,0.9076500000000001,95.5,336
P472022,0.707,0.8759,87.5,40
P472023,0.84,0.9170499999999999,97.0,198
P472024,0.81,0.91235,96.8,62
P472025,0.827,0.92135,97.4,196
P472028,0.822,0.92155,96.8,1092
P472031,0.722,0.8181,97.6,41
P472050,0.793,0.9072,95.0,1035
P472052,0.544,0.7964,80.3,365
P472057,0.779,0.9081,95.4,241
P472058,0.691,0.69095,100.0,2
P472067,0.673,0.81925,95.5,22
P472068,0.573,0.8536,76.9,13
P472180,0.532,0.8622,82.6,23
P472302,0.847,0.9339500000000001,96.5,288
P472311,0.643,0.8528,87.0,23
P472341,0.783,0.89925,96.0,50
P472342,0.966,0.9680500000000001,100.0,4
P472343,0.866,0.9452499999999999,97.9,48
P472448,0.825,0.9196,96.1,181
P472451,0.831,0.926,96.3,161
P472453,0.626,0.812,86.5,502
P472454,0.658,0.8172,89.5,1961
P472455,0.753,0.8852,93.7,189
P472466,0.562,0.78155,84.6,52
P472467,0.766,0.8857999999999999,95.6,90
P472468,0.8,0.90955,95.5,982
P472469,0.741,0.91215,91.0,376
P472471,0.68,0.8622,100.0,7
P472472,0.768,0.89685,94.9,514
P472810,0.875,0.9348,98.6,354
P472981,0.767,0.8866,93.8,708
P473126,0.698,0.87025,90.6,138
P473133,0.768,0.9077,93.3,195
P473148,0.753,0.8869,92.9,126
P473160,0.762,0.8971,93.8,2483
P473172,0.848,0.9169,97.4,194
P473185,0.726,0.84015,92.9,14
P473267,0.735,0.85545,93.8,1670
P473268,0.742,0.88565,92.9,28
P473304,0.664,0.8934,88.7,159
P473322,0.778,0.8931,95.0,1466
P473336,0.727,0.8713,89.6,77
P473723,0.792,0.9141,96.1,76
P473724,0.701,0.84185,93.8,48
P473725,0.735,0.8668,92.6,243
P473726,0.733,0.87015,92.7,164
P473728,0.513,0.7645,77.2,57
P473729,0.727,0.8655,92.5,201
P473820,0.743,0.8692500000000001,94.2,1096
P473828,0.743,0.8612,94.5,433
P474036,0.396,0.4019,77.8,9
P474057,0.797,0.8622,100.0,19
P474060,0.634,0.8011,87.7,521
P474068,0.871,0.9487,97.8,184
P474075,0.801,0.9077,96.8,341
P474078,0.517,0.7149,79.5,625
P474079,0.635,0.8114,89.1,459
P474080,0.806,0.9531000000000001,100.0,12
P474090,0.927,0.9269499999999999,100.0,2
P474107,0.757,0.9237,93.3,45
P474109,0.791,0.9188000000000001,95.3,64
P474110,0.792,0.92935,94.7,114
P474111,0.883,0.9393,98.1,52
P474113,0.584,0.8074,84.3,153
P474114,0.843,0.936,100.0,19
P474115,0.742,0.9058,89.4,47
P474116,0.802,0.9341,91.5,47
P474117,0.584,0.8074,84.3,153
P474118,0.7,0.86955,90.0,40
P474121,0.8,0.88195,97.8,92
P474122,0.817,0.9167,93.8,65
P474125,0.782,0.9294,92.0,25
P474304,0.781,0.8973,95.5,529
P474323,0.927,0.92745,100.0,2
P474325,0.711,0.8688,94.0,216
P474326,0.579,0.835,82.1,229
P474329,0.857,0.93825,97.9,194
P474330,0.695,0.8357,91.3,287
P474332,0.757,0.87645,93.3,300
P474333,0.708,0.85265,92.7,288
P474340,0.795,0.8877999999999999,96.7,430
P474369,0.375,0.40659999999999996,62.5,8
P474371,0.721,0.8936999999999999,88.8,160
P474376,0.538,0.7523,82.1,39
P474377,0.765,0.8955,93.6,1099
P474809,0.855,0.9471,96.6,207
P474822,0.832,0.9233,96.1,357
P474823,0.766,0.9079,94.6,147
P474824,0.689,0.8653,89.9,247
P474825,0.707,0.86235,92.1,304
P474826,0.662,0.8343499999999999,88.5,286
P474830,0.453,0.6923,76.2,21
P474832,0.826,0.91975,96.3,600
P474838,0.931,0.9573499999999999,100.0,88
P474839,0.667,0.8462,89.0,91
P474840,0.72,0.8552,93.5,598
P474843,0.841,0.9245,97.8,139
P474844,0.769,0.8786,96.1,128
P474936,0.652,0.833,87.1,139
P474937,0.755,0.89605,93.2,948
P474938,0.654,0.8395,87.8,1357
P474939,0.566,0.7506,83.7,459
P474940,0.482,0.6808,76.9,91
P474941,0.094,0.0938,50.0,2
P474942,0.774,0.8716,88.9,9
P474943,0.55,0.7547,75.0,12
P474953,0.837,0.9348,96.7,1235
P474956,0.731,0.915,90.6,53
P474957,0.671,0.892,87.3,71
P474964,0.486,0.8224,64.3,14
P474967,0.829,0.88255,100.0,16
P474968,0.618,0.8291999999999999,81.8,22
P474970,0.693,0.8799999999999999,88.5,52
P474971,0.641,0.8313,88.2,221
P474972,0.576,0.7419,86.7,75
P475083,0.686,0.6856,100.0,2
P475084,0.774,0.885,93.7,205
P475086,0.882,0.9441,98.2,271
P475112,0.762,0.859,94.1,102
P475124,0.822,0.9149499999999999,96.4,360
P475135,0.662,0.8452,87.7,351
P475143,0.818,0.9582,93.2,73
P475159,0.725,0.8529,94.1,271
P475172,0.855,0.9232,98.1,106
P475180,0.843,0.908,96.8,93
P475181,0.742,0.8812500000000001,92.8,334
P475182,0.681,0.8455,89.8,410
P475183,0.856,0.9201,98.0,51
P475184,0.795,0.9302,90.9,55
P475185,0.711,0.8611500000000001,90.8,400
P475186,0.795,0.89125,95.7,46
P475187,0.746,0.90985,92.1,38
P475188,0.714,0.9048499999999999,90.8,76
P475189,0.619,0.8442,86.6,67
P475190,0.781,0.9108,93.8,371
P475192,0.646,0.856,88.5,52
P475193,0.833,0.9041,97.9,47
P475194,0.775,0.9067,94.2,277
P475195,0.819,0.9111,96.3,54
P475196,0.72,0.8664499999999999,93.2,44
P475197,0.765,0.9413,92.7,55
P475200,0.671,0.8115,90.2,41
P475201,0.785,0.9145,94.1,185
P475203,0.711,0.8611500000000001,90.8,400
P475204,0.669,0.89845,87.5,48
P475540,0.722,0.83775,94.0,100
P475543,0.707,0.8953,89.6,750
P475589,0.746,0.8746,93.6,965
P475590,0.426,0.6304000000000001,73.8,42
P475629,0.76,0.8927,92.4,331
P475630,0.765,0.8912,94.5,585
P475906,0.77,0.9425,92.0,75
P475907,0.728,0.8835999999999999,92.7,82
P475908,0.706,0.8425,92.4,1964
P475921,0.711,0.8513,92.1,923
P475926,0.267,0.1779,70.0,10
P475932,0.685,0.8831,89.1,221
P475951,0.783,0.89125,94.5,400
P475961,0.815,0.9048,100.0,13
P476009,0.866,0.93165,98.2,166
P476010,0.825,0.927,97.3,184
P476028,0.71,0.8622000000000001,91.1,214
P476414,0.812,0.9298,94.9,1721
P476415,0.737,0.8908,92.6,433
P476428,0.757,0.8973,93.7,143
P476432,0.852,0.901,100.0,11
P476436,0.9,0.9742500000000001,97.5,40
P476447,0.523,0.7180500000000001,82.6,172
P476459,0.753,0.886,94.5,199
P476485,0.708,0.8715,91.9,37
P476496,0.58,0.7424,88.9,9
P476513,0.837,0.9348,96.7,1235
P476515,0.58,0.7645,85.7,14
P476538,0.647,0.7906,88.6,167
P476540,0.715,0.9418500000000001,87.8,74
P476553,0.621,0.7568999999999999,89.9,158
P476554,0.566,0.7033,84.9,159
P476570,0.549,0.7089,81.8,11
P476571,0.855,0.8553,100.0,1
P476674,0.883,0.9225,100.0,71
P476675,0.834,0.9042,98.6,69
P476676,0.878,0.9407,100.0,53
P476677,0.826,0.8893,96.0,25
P476678,0.865,0.9130499999999999,100.0,76
P476679,0.895,0.9390499999999999,98.8,84
P476680,0.822,0.911,100.0,48
P476681,0.801,0.9184,91.9,37
P476683,0.859,0.9384,97.7,131
P476686,0.891,0.918,100.0,3
P476726,0.799,0.9125,94.4,125
P476729,0.824,0.9195,96.3,977
P476730,0.706,0.8831500000000001,89.9,406
P476731,0.776,0.8929,95.0,278
P476733,0.59,0.8065,85.5,131
P476736,0.876,0.952,95.5,44
P476842,0.465,0.7537499999999999,76.9,26
P476843,0.785,0.8847,95.3,511
P476860,0.883,0.9115,100.0,19
P476876,0.872,0.95205,97.3,408
P476893,0.879,0.9402,100.0,73
P476894,0.77,0.9227,92.6,81
P477150,0.766,0.9236,85.7,7
P477157,0.846,0.9485,96.6,625
P477202,0.86,0.9404,96.6,59
P477413,0.749,0.9072,89.8,49
P477492,0.869,0.9413,97.3,225
P477706,0.398,0.3182,66.7,3
P477714,0.534,0.8607,78.0,41
P477734,0.385,0.48475,70.0,10
P477761,0.487,0.8592,75.0,8
P477812,0.695,0.763,100.0,4
P477830,0.758,0.8976999999999999,93.2,628
P477961,0.76,0.90455,93.4,166
P477985,0.751,0.8892,93.3,489
P478020,0.783,0.9312,92.5,67
P478021,0.786,0.8791,96.9,64
P478029,0.71,0.8675,91.4,347
P478030,0.534,0.7639,81.3,3000
P478239,0.808,0.92955,95.1,144
P478260,0.801,0.8007,100.0,1
P478270,0.984,0.9843,100.0,1
P478274,0.517,0.7992,77.8,27
P478731,0.729,0.8828,91.8,255
P479125,0.768,0.9032,93.4,700
P479304,0.754,0.88765,93.5,520
P479313,0.801,0.9092,95.0,141
P479318,0.843,0.9374,96.5,906
P479319,0.673,0.8435999999999999,88.6,184
P479327,0.761,0.90755,92.8,1458
P479329,0.721,0.86615,93.1,434
P479330,0.732,0.8732,92.4,473
P479339,0.76,0.9015,93.7,867
P479340,0.766,0.91675,93.1,274
P479348,0.671,0.8503,89.5,427
P479351,0.775,0.9131,93.6,267
P479352,0.827,0.92,96.3,219
P479353,0.62,0.8291999999999999,85.0,220
P479354,0.62,0.8072,86.3,600
P479362,0.67,0.82695,89.6,462
P479478,0.845,0.8196,100.0,7
P479632,0.686,0.8427,90.7,431
P479633,0.705,0.8625,92.8,321
P479645,0.833,0.9133,97.7,485
P479646,0.914,0.9636,100.0,3
P479688,0.393,0.6549,69.2,39
P479692,0.795,0.8901,96.3,273
P479696,0.976,0.9756,100.0,2
P479701,0.768,0.8768,93.1,87
P479703,0.829,0.9001,98.7,79
P479705,0.754,0.8557,95.2,441
P479706,0.73,0.8651,92.3,467
P479722,0.567,0.7564,84.3,197
P479732,0.483,0.6705,80.3,330
P479734,0.717,0.8519,92.9,2017
P479839,0.774,0.8818,95.7,2783
P479840,0.469,0.64225,80.0,70
P479841,0.847,0.9328,97.3,1128
P479860,0.66,0.8555,88.0,2466
P479861,0.69,0.7684,94.1,17
P479903,0.684,0.8641,88.3,343
P479904,0.592,0.8172,84.4,960
P479946,0.823,0.8151999999999999,100.0,4
P479947,0.396,0.6476,66.7,3
P479971,0.805,0.9195,95.0,603
P479973,0.5,0.7712,70.0,10
P479974,0.113,0.0258,42.9,7
P480150,0.845,0.8613999999999999,100.0,16
P480160,0.817,0.9182,95.9,245
P480162,0.811,0.9081,96.1,611
P480165,0.873,0.964,99.0,98
P480166,0.707,0.80665,92.9,14
P480174,0.67,0.9291,83.3,6
P480176,0.85,0.8599,100.0,3
P480177,0.73,0.8519,93.6,582
P480191,0.791,0.8926000000000001,97.9,48
P480192,0.75,0.8996,93.2,381
P480274,0.8,0.9023,94.5,165
P480278,0.601,0.8564,81.9,138
P480279,0.637,0.6836,90.0,10
P480280,0.314,0.6369,67.7,31
P480284,0.85,0.92675,97.2,212
P480285,0.832,0.92725,96.3,404
P480289,0.737,0.8442,100.0,5
P480300,0.644,0.9257,81.1,37
P480301,0.676,0.8451,89.0,821
P480346,0.664,0.8253999999999999,85.7,14
P480354,0.71,0.7096,100.0,1
P480355,0.85,0.8456,100.0,3
P480358,0.656,0.8367,93.5,31
P480441,0.502,0.5023,100.0,1
P480444,0.673,0.8689,87.7,73
P480445,0.811,0.8113,100.0,1
P480447,0.769,0.9209,93.2,295
P480461,0.805,0.90805,95.9,368
P480600,0.447,0.6442,73.3,30
P480603,0.685,0.90055,87.8,74
P480604,0.544,0.7452000000000001,75.0,4
P480606,0.748,0.8994500000000001,93.2,414
P480607,0.713,0.80715,94.4,18
P480608,0.733,0.84,93.3,90
P480610,0.812,0.9237500000000001,100.0,6
P480612,0.757,0.8625,95.2,3167
P480613,0.768,0.8913,93.2,424
P480628,0.782,0.88,94.3,194
P480629,0.704,0.8807,90.7,257
P480630,0.612,0.8225,85.8,4419
P480986,0.468,0.6990000000000001,75.0,44
P481058,0.73,0.9212,90.3,31
P481060,0.754,0.8903,92.7,55
P481062,0.317,0.39615,50.0,4
P481077,0.65,0.8591,100.0,3
P481081,0.69,0.8307,100.0,4
P481082,0.808,0.8297,100.0,4
P481084,0.774,0.8818,95.7,2783
P481086,0.888,0.9342,98.7,77
P481096,0.793,0.9231,94.1,253
P481138,0.236,0.19619999999999999,66.7,12
P481142,0.823,0.9286,98.3,178
P481145,0.818,0.9201,97.4,189
P481161,0.785,0.8934,95.6,871
P481162,0.797,0.8844,96.9,452
P481164,0.809,0.91155,96.3,926
P481169,0.421,0.7261,73.6,485
P481334,0.467,0.6273,75.0,12
P481335,0.787,0.89355,94.0,216
P481336,0.748,0.8481,95.0,181
P481339,0.649,0.8516999999999999,88.5,26
P481340,0.578,0.7836,82.9,439
P481341,0.742,0.8805,91.6,83
P481342,0.492,0.49175,100.0,2
P481347,0.475,0.7810999999999999,75.0,16
P481348,0.766,0.8974500000000001,94.1,170
P481350,0.707,0.92,88.9,9
P481354,0.701,0.83985,93.1,204
P481363,0.742,0.8178000000000001,96.0,176
P481366,0.741,0.9092,92.6,445
P481367,0.669,0.8542000000000001,89.0,228
P481368,0.815,0.9145,100.0,22
P481371,0.69,0.807,92.5,173
P481376,0.557,0.63165,85.7,14
P481390,0.668,0.8791500000000001,90.6,64
P481397,0.302,0.3017,100.0,1
P481401,0.81,0.8914,97.1,35
P481408,0.732,0.9352,88.4,69
P481668,0.5,0.5625,80.0,5
P481697,0.809,0.89555,96.5,372
P481699,0.558,0.8242,84.0,25
P481700,0.712,0.902,87.8,148
P481701,0.801,0.9329,94.7,151
P481703,0.638,0.7963,88.8,152
P481704,0.651,0.8093,100.0,5
P481710,0.717,0.9073,88.9,63
P481712,0.698,0.89035,88.9,18
P481732,0.87,0.93795,97.8,412
P481739,0.747,0.9074,91.4,771
P481742,0.803,0.9025,97.6,42
P481743,0.829,0.9031,97.7,44
P481748,0.873,0.94,98.3,229
P481817,0.683,0.8395,90.0,3404
P481825,0.688,0.84305,92.1,152
P481828,0.796,0.9031,96.1,153
P481830,0.864,0.9359,97.6,502
P481831,0.831,0.9269,96.6,1053
P481832,0.792,0.89905,96.1,388
P481833,0.792,0.8957,95.9,343
P481834,0.851,0.93675,97.3,74
P481837,0.667,0.83215,88.9,18
P481970,0.675,0.7382,100.0,6
P481971,0.738,0.8892,100.0,3
P481972,0.824,0.9225,96.1,561
P481973,0.773,0.83455,100.0,30
P481975,0.744,0.9041,88.9,27
P481989,0.62,0.8735,84.2,1295
P481993,0.96,0.96,100.0,1
P482005,0.781,0.9186,94.0,83
P482006,0.759,0.9052,93.7,271
P482007,0.753,0.8193,95.2,42
P482008,0.761,0.9359,91.6,320
P482009,0.573,0.6116999999999999,83.3,6
P482021,0.63,0.90985,83.3,6
P482024,0.768,0.8913,93.2,424
P482025,0.893,0.9555,98.4,127
P482058,0.726,0.89575,90.0,10
P482061,0.784,0.9094,94.9,276
P482068,0.811,0.9136,94.7,57
P482074,0.761,0.8856,94.7,487
P482256,0.869,0.9049499999999999,100.0,6
P482258,0.332,0.59275,66.7,6
P482259,0.777,0.8622,100.0,9
P482260,0.847,0.9168000000000001,98.4,186
P482264,0.813,0.9035500000000001,96.9,392
P482269,0.801,0.9195500000000001,93.7,300
P482298,0.748,0.8847,93.5,571
P482309,0.547,0.87605,75.0,4
P482311,0.5,0.6808,72.7,11
P482312,0.447,0.6705,78.0,41
P482313,0.706,0.7419,100.0,7
P482314,0.326,0.3291,60.0,15
P482318,0.413,0.8343499999999999,75.0,16
P482320,0.638,0.8422,86.9,1455
P482321,0.639,0.8729,83.5,455
P482322,0.479,0.6846,79.2,24
P482323,0.621,0.8815,85.1,382
P482325,0.735,0.8995,90.7,356
P482327,0.523,0.7361,77.8,108
P482328,0.483,0.65955,78.3,92
P482329,0.656,0.8201,90.5,317
P482510,0.815,0.91265,96.0,100
P482529,0.651,0.8104,88.0,216
P482535,0.751,0.9083,91.7,1027
P482540,0.824,0.9118,97.0,467
P482551,0.878,0.9473,97.7,533
P482552,0.793,0.9196,94.3,209
P482661,0.436,0.46195,50.0,4
P482675,0.823,0.9036,97.0,101
P482676,0.819,0.94665,94.4,828
P482681,0.807,0.9171,95.8,359
P482692,0.815,0.93,94.9,311
P482693,0.693,0.88325,90.3,700
P482694,0.549,0.8294,81.1,37
P482695,0.728,0.9081,89.0,191
P482696,0.783,0.9022,93.9,131
P482697,0.515,0.7813,82.4,17
P482698,0.769,0.9201,94.1,17
P482739,0.776,0.908,94.3,1343
P482740,0.788,0.8516,100.0,46
P482741,0.755,0.8847,94.2,485
P482742,0.805,0.90645,96.2,1190
P482746,0.813,0.9404,100.0,11
P482747,0.072,0.07190000000000002,50.0,2
P482753,0.785,0.903,95.4,197
P482754,0.653,0.84785,88.7,62
P482755,0.845,0.9381999999999999,97.2,36
P482757,0.681,0.8455,89.8,410
P483057,0.217,0.43865,55.0,20
P483058,0.674,0.658,100.0,7
P483060,0.632,0.8306,84.1,63
P483075,0.683,0.7964,92.0,25
P483076,0.878,0.9473,97.7,533
P483078,0.373,0.8677,62.5,8
P483086,0.422,0.4215,100.0,1
P483089,0.137,0.13655,50.0,2
P483090,0.582,0.84605,81.2,16
P483092,0.509,0.78155,80.0,30
P483127,0.805,0.911,96.0,225
P483128,0.624,0.7717,92.0,137
P483136,0.794,0.90485,93.7,206
P483137,0.762,0.8866,94.3,318
P483138,0.786,0.89775,95.9,340
P483141,-0.03,-0.1183,33.3,6
P483145,0.717,0.87995,83.3,6
P483146,0.829,0.925,95.2,104
P483151,0.609,0.7778,82.9,35
P483453,0.769,0.9395,91.2,181
P483455,0.756,0.9312,92.9,155
P483457,0.786,0.92145,93.4,152
P483458,0.292,0.7263,66.7,3
P483460,0.895,0.8953,100.0,2
P483494,0.703,0.8121499999999999,91.7,12
P483495,0.727,0.8123,93.8,16
P483496,0.494,0.6988,77.9,77
P483643,0.759,0.9052,90.5,148
P483658,0.75,0.8823000000000001,93.1,246
P483661,0.717,0.8931,88.3,111
P483664,0.804,0.92255,95.3,300
P483679,0.868,0.94295,97.3,602
P483691,0.181,0.18105,50.0,2
P483692,0.786,0.8885,95.7,257
P483693,0.29,0.1511,66.7,3
P483694,0.856,0.8935500000000001,100.0,4
P483696,0.834,0.92275,96.4,112
P483697,0.819,0.90905,96.3,188
P483698,0.749,0.8846,92.0,112
P483699,0.804,0.9214,94.7,152
P483700,0.778,0.9196,92.7,124
P483701,0.827,0.925,96.3,108
P483708,0.786,0.8885,95.7,257
P484033,0.572,0.8236,80.0,40
P484055,0.613,0.8525,84.6,52
P484067,0.837,0.9198,96.9,262
P484076,0.584,0.8784000000000001,80.0,10
P484080,0.355,0.5719,69.2,919
P484081,0.782,0.8751,97.6,127
P500002,0.802,0.91835,95.5,134
P500012,0.739,0.945,88.2,17
P500016,0.726,0.8957,92.3,13
P500019,0.751,0.8599,95.3,423
P500039,0.808,0.91705,96.0,226
P500055,0.833,0.9428,95.7,209
P500060,0.297,0.2157,60.0,5
P500094,0.689,0.8421,91.3,241
P500096,0.428,0.73055,70.0,20
P500098,0.585,0.8189500000000001,83.1,248
P500101,0.855,0.9061,99.3,139
P500102,0.81,0.9085000000000001,95.1,164
P500106,0.331,0.4939,69.2,13
P500109,0.588,0.77625,87.9,116
P500111,0.835,0.9314,97.5,81
P500112,0.747,0.886,91.9,209
P500113,0.679,0.8398,91.6,119
P500114,0.615,0.802,86.4,243
P500116,0.785,0.8878999999999999,100.0,8
P500117,0.75,0.8881,93.7,111
P500120,0.407,0.61815,70.0,10
P500121,0.641,0.895,83.8,167
P500124,0.402,0.6771,75.0,4
P500138,0.726,0.8655,91.9,381
P500139,0.838,0.8972,100.0,10
P500151,0.45,0.45025000000000004,100.0,2
P500155,0.786,0.7856,100.0,1
P500160,0.789,0.915,96.1,77
P500238,0.68,0.6476,100.0,7
P500240,0.85,0.9265,97.9,561
P500244,0.854,0.9255500000000001,98.2,218
P500245,0.647,0.8674,86.5,635
P500248,0.759,0.77135,100.0,12
P500256,-0.188,-0.18825,0.0,2
P500287,0.692,0.8801,90.0,10
P500288,0.851,0.9367,96.7,453
P500307,0.777,0.8966,94.9,549
P500318,0.694,0.847,90.6,127
P500329,0.804,0.9727,92.3,194
P500399,0.86,0.9527,97.9,47
P500412,0.748,0.7556499999999999,100.0,28
P500420,0.808,0.9142,95.9,195
P500428,0.451,0.5482499999999999,73.1,26
P500445,0.732,0.876,94.7,38
P500464,-0.22,-0.2202,0.0,2
P500471,0.853,0.9345,97.6,451
P500472,0.761,0.90755,92.8,1458
P500482,0.176,0.4754,66.7,3
P500502,0.518,0.69,85.7,7
P500613,0.732,0.9019,91.2,579
P500614,0.855,0.938,96.9,97
P500618,0.885,0.9463,98.6,290
P500626,0.536,0.7783,80.1,161
P500633,0.85,0.92465,97.7,1872
P500687,0.784,0.9199,92.9,155
P500696,0.865,0.94365,97.9,188
P500701,0.727,0.8591,93.0,1795
P500705,0.84,0.9174,98.6,69
P500716,0.921,0.9596,99.2,258
P500718,0.751,0.858,95.1,1900
P500729,0.839,0.8393999999999999,100.0,6
P500743,0.474,0.6326,70.6,17
P500744,0.79,0.9231,93.4,473
P500746,0.709,0.8928499999999999,90.2,112
P500753,0.754,0.87355,94.0,84
P500756,0.828,0.9231,95.7,351
P500757,0.593,0.7906,84.3,1131
P500763,0.887,0.9427,100.0,3
P500771,0.807,0.8074,100.0,17
P500774,0.68,0.8257,89.5,19
P500775,0.877,0.8772,100.0,4
P500777,0.839,0.9463,95.6,1149
P500778,0.812,0.9165,94.9,137
P500782,-0.028,-0.3326,40.0,5
P500785,0.638,0.8276,83.3,12
P500856,0.81,0.9493,94.7,19
P500857,0.631,0.8221,87.6,517
P500880,0.819,0.7959499999999999,100.0,4
P500894,0.776,0.9093,95.0,299
P500982,0.676,0.8146,89.7,29
P500983,0.761,0.8593,87.5,8
P500988,0.658,0.893,85.9,149
P500993,0.801,0.92845,94.5,452
P500998,0.784,0.7783,100.0,3
P501003,0.264,0.43945,75.0,8
P501004,0.745,0.8476,97.4,38
P501005,0.784,0.9157,94.3,611
P501017,0.901,0.9386,98.5,67
P501024,0.699,0.87595,93.3,30
P501028,0.717,0.8588,92.3,430
P501029,0.772,0.9015500000000001,95.4,614
P501030,0.855,0.9327,96.6,203
P501031,0.733,0.8465,93.5,108
P501153,0.81,0.81,100.0,1
P501157,0.758,0.9039,92.4,185
P501165,0.745,0.8682000000000001,93.7,540
P501166,0.78,0.925,93.7,111
P501169,0.729,0.88935,91.0,234
P501170,0.745,0.8908,93.9,490
P501171,0.777,0.88925,94.6,484
P501175,0.928,0.9277,100.0,1
P501176,0.709,0.8406499999999999,93.0,456
P501178,0.752,0.8702,93.4,361
P501185,0.76,0.8455,96.6,29
P501187,0.771,0.87205,96.4,506
P501188,0.766,0.86955,96.0,494
P501189,0.649,0.7901,89.2,443
P501190,0.82,0.9319,96.4,252
P501199,0.731,0.8516,93.2,368
P501213,0.739,0.86785,93.1,216
P501236,0.828,0.928,96.4,419
P501243,0.655,0.8346,88.8,251
P501254,0.833,0.9245,96.0,733
P501264,0.403,0.40285,50.0,2
P501282,0.836,0.9178,97.6,293
P501288,0.742,0.886,92.1,341
P501316,0.773,0.9158999999999999,93.1,72
P501321,0.82,0.9112,96.2,293
P501323,0.406,0.5253,80.0,10
P501421,0.826,0.9061,97.2,109
P501474,0.917,0.9533499999999999,100.0,8
P501518,0.769,0.87265,95.0,160
P501550,0.369,0.5307999999999999,75.0,4
P501566,0.899,0.9427,100.0,3
P501581,0.827,0.9175,98.3,300
P501585,0.881,0.8813,100.0,2
P501587,0.75,0.8668,90.9,55
P501591,0.543,0.8867,80.0,10
P501760,0.758,0.9184,92.2,923
P501781,0.786,0.9185,93.5,260
P501790,0.691,0.83045,92.4,66
P501886,0.637,0.6369,100.0,1
P502046,0.836,0.9255,96.6,119
P502047,0.852,0.8516,100.0,2
P502169,0.842,0.94035,97.4,76
P502186,0.573,0.5730999999999999,100.0,2
P502192,0.612,0.61195,100.0,2
P502195,0.612,0.656,100.0,3
P502197,0.851,0.9238999999999999,97.7,86
P502200,0.857,0.9087,98.9,89
P502216,0.479,0.8181,75.0,4
P502235,0.876,0.8585,100.0,3
P502237,0.452,0.8345499999999999,66.7,6
P502322,0.898,0.9611,97.8,93
P502326,0.835,0.92225,96.6,266
P502365,0.466,0.67395,66.7,6
P502395,0.836,0.92055,97.2,142
P502448,0.756,0.7016,100.0,3
P502479,0.668,0.8311999999999999,89.0,82
P502640,0.82,0.9133,96.7,61
P502656,0.628,0.8155,86.2,921
P502691,0.511,0.70295,79.5,78
P502709,0.89,0.89045,100.0,2
P502710,0.582,0.8224,84.1,69
P502725,0.624,0.8492999999999999,83.3,6
P502740,0.78,0.84215,100.0,8
P502741,0.534,0.72315,81.1,74
P502745,0.853,0.9799,93.6,141
P502749,0.526,0.7506,81.0,79
P502756,0.623,0.8244,87.1,62
P502758,0.793,0.9162,95.0,40
P502761,0.789,0.8817,97.0,463
P502771,0.559,0.7269,85.7,7
P502818,0.937,0.975,100.0,16
P502823,0.877,0.87655,100.0,2
P502827,0.852,0.9682,93.3,15
P502831,0.931,0.9552,100.0,13
P502842,0.366,0.6503,75.0,4
P502848,0.929,0.9582,98.1,53
P502852,0.829,0.9201,97.7,175
P502966,0.785,0.904,95.5,488
P502977,0.757,0.7999,100.0,4
P502978,-0.083,-0.4111,33.3,3
P502986,0.89,0.9379,100.0,129
P502996,0.407,0.6634,75.0,8
P502997,0.524,0.8271,78.9,123
P502998,0.685,0.787,100.0,7
P503000,0.908,0.9272,100.0,3
P503052,0.517,0.7289,81.5,401
P503123,0.876,0.903,100.0,10
P503191,0.765,0.8955,93.6,1099
P503197,0.875,0.9433,97.9,240
P503216,0.902,0.9306,100.0,15
P503226,0.432,0.6723,71.4,7
P503250,0.731,0.8641,95.0,199
P503262,0.918,0.96495,100.0,18
P503294,0.218,0.3641,54.2,24
P503552,0.673,0.7458,100.0,8
P503560,0.861,0.9286,100.0,7
P503562,0.77,0.8799,94.1,34
P503572,0.509,0.8125,70.0,10
P503634,0.711,0.88495,90.6,630
P503635,0.928,0.9209,100.0,4
P503642,0.812,0.9199,96.1,335
P503651,0.831,0.9182,96.8,339
P503652,0.802,0.8718,98.2,110
P503655,0.448,0.60375,70.0,10
P503657,0.829,0.93885,96.0,176
P503668,0.836,0.91835,98.0,456
P503683,0.783,0.8971,96.6,89
P503690,0.825,0.90895,97.7,222
P503692,0.636,0.85345,87.5,384
P503693,0.735,0.8719,93.0,428
P503721,0.679,0.8228,90.5,400
P503726,0.779,0.9022,93.6,627
P503747,0.821,0.8985,97.7,259
P503809,0.754,0.90705,92.0,88
P503814,0.784,0.9027499999999999,95.3,344
P503820,0.935,0.94565,100.0,30
P503827,0.794,0.9186,94.8,229
P503865,0.758,0.9251,92.4,184
P503867,0.823,0.91145,97.4,234
P503868,0.746,0.86545,95.8,24
P503872,0.651,0.7457,83.3,6
P503876,0.495,0.5101,75.0,4
P503877,0.987,0.9867,100.0,1
P503878,0.597,0.7385,88.1,118
P503879,0.861,0.95235,96.0,572
P503890,0.497,0.7783,73.3,15
P503891,0.805,0.9137500000000001,96.0,500
P503892,0.467,0.50285,75.0,4
P503894,0.534,0.5848500000000001,75.0,4
P503901,0.6,0.7664,88.9,18
P503906,0.966,0.9666,100.0,5
P503912,0.58,0.7896,85.7,7
P503913,0.735,0.8627,95.5,314
P503915,0.322,0.4927,66.7,3
P503920,0.854,0.9397,97.7,129
P503923,0.79,0.8922,96.6,176
P503926,0.806,0.9169,96.1,77
P503927,0.775,0.8937,94.9,117
P503928,0.611,0.7783,88.9,27
P503930,0.69,0.8281499999999999,90.0,10
P503933,0.455,0.3818,60.0,5
P503934,0.52,0.7525,80.0,5
P503935,0.847,0.9069499999999999,100.0,10
P503936,0.896,0.9459,99.0,1389
P503942,0.567,0.7269,84.6,13
P503944,0.43,0.56765,75.0,4
P503991,0.799,0.9218500000000001,96.2,156
P503992,0.866,0.9349,97.5,241
P503997,0.864,0.92875,100.0,10
P503999,0.8,0.9108,96.2,500
P504001,0.735,0.85695,93.9,344
P504007,0.682,0.8467,90.1,433
P504016,0.873,0.9320999999999999,100.0,78
P504018,0.932,0.9475,100.0,3
P504023,0.761,0.944,92.9,28
P504026,0.799,0.9218500000000001,96.2,156
P504028,0.684,0.8176,91.6,249
P504031,0.873,0.9320999999999999,100.0,78
P504040,0.869,0.9251,100.0,41
P504042,0.746,0.8551,94.8,366
P504043,0.822,0.91635,96.1,206
P504044,0.825,0.9224,97.5,279
P504045,0.837,0.9195,97.6,370
P504049,0.749,0.7639,100.0,17
P504050,0.759,0.9013500000000001,95.2,42
P504053,0.69,0.6896,100.0,2
P504056,0.851,0.9217,98.1,155
P504059,0.902,0.93865,100.0,76
P504064,0.779,0.8807,96.2,343
P504071,0.821,0.92815,95.4,460
P504073,0.818,0.91645,96.3,190
P504076,0.856,0.9267,98.4,183
P504125,0.807,0.9128000000000001,96.2,552
P504134,0.591,0.8271,83.8,37
P504171,0.823,0.93405,95.8,190
P504199,0.829,0.9062,98.1,53
P504203,0.122,0.1759,53.8,13
P504208,0.58,0.7783,79.5,39
P504212,0.725,0.8794,90.7,183
P504218,0.755,0.8587,92.9,42
P504221,0.897,0.89715,100.0,2
P504240,0.608,0.82865,83.9,168
P504272,0.601,0.69255,87.5,8
P504273,0.846,0.9313,100.0,5
P504277,0.903,0.9381,99.3,134
P504283,0.801,0.83455,100.0,4
P504288,0.849,0.9599,95.8,24
P504289,0.304,0.30445,50.0,2
P504303,0.793,0.8115,100.0,8
P504309,0.812,0.9161,95.9,267
P504313,0.734,0.86805,90.0,50
P504315,0.825,0.927,97.3,184
P504320,0.79,0.8050999999999999,100.0,8
P504322,0.939,0.9392,100.0,1
P504325,0.864,0.95045,97.4,116
P504327,0.637,0.8622,84.2,19
P504411,0.262,0.2623,50.0,2
P504417,0.947,0.9466,100.0,1
P504421,0.784,0.891,96.7,300
P504424,0.942,0.9422,100.0,1
P504429,0.839,0.90785,97.7,300
P504433,0.806,0.89615,95.9,270
P504441,0.663,0.8237000000000001,91.7,12
P504443,0.462,0.4615,100.0,1
P504446,0.774,0.84735,96.3,54
P504447,0.382,0.47245,62.5,8
P504452,0.447,0.5777,85.7,7
P504464,0.929,0.9293,100.0,2
P504506,0.831,0.9198,97.2,144
P504509,0.866,0.92035,100.0,12
P504515,0.733,0.9420999999999999,90.0,10
P504517,0.871,0.9168,100.0,15
P504523,0.54,0.78095,82.7,98
P504524,0.654,0.86275,86.4,66
P504575,0.822,0.93895,95.8,168
P504594,0.94,0.9418500000000001,100.0,4
P504595,0.763,0.8932,93.8,2453
P504615,0.616,0.82465,86.0,2358
P504636,0.477,0.4678,80.0,15
P504637,0.884,0.9335,99.2,132
P504639,0.816,0.9251499999999999,95.7,300
P504644,0.754,0.9091,91.9,209
P504773,0.535,0.5859,91.3,23
P504774,0.633,0.80165,85.0,20
P504778,0.677,0.7964,92.3,13
P504780,0.119,0.14200000000000002,50.0,12
P504784,0.46,0.624,82.4,17
P504786,0.232,0.6696,57.1,21
P504790,0.279,0.5562,60.0,10
P504794,0.513,0.6785,76.6,47
P504795,0.708,0.8802,94.1,17
P504810,0.647,0.7964,84.6,13
P504815,0.438,0.6486,77.8,9
P504840,0.426,0.3818,60.0,5
P504848,0.66,0.8316,100.0,5
P504849,0.864,0.93295,98.0,98
P504850,-0.27,-0.27025000000000005,0.0,2
P504880,0.687,0.87625,90.6,32
P504881,0.959,0.96585,100.0,4
P504882,0.928,0.9279,100.0,1
P504888,0.66,0.66035,100.0,2
P504892,0.791,0.902,96.4,83
P504919,0.486,0.6428,84.2,19
P504985,0.698,0.80775,100.0,4
P504986,0.809,0.91525,95.3,600
P504987,0.805,0.8046,100.0,2
P504988,0.89,0.942,99.1,108
P505009,0.827,0.9132,97.0,700
P505020,0.861,0.9291,98.9,463
P505023,0.866,0.93,98.4,707
P505024,0.811,0.9153,95.6,477
P505031,0.84,0.91615,97.8,718
P505047,0.871,0.93665,97.9,96
P505049,0.871,0.929,98.9,277
P505054,0.876,0.9335,98.5,471
P505120,0.798,0.7985,100.0,2
P505131,0.825,0.922,96.8,31
P505133,0.882,0.9489,96.4,55
P505139,0.843,0.9256500000000001,98.0,200
P505140,0.779,0.89925,94.7,94
P505142,0.812,0.8977,94.1,51
P505145,0.752,0.89725,91.7,24
P505158,0.867,0.92215,100.0,172
P505160,0.789,0.86755,97.0,200
P505174,0.843,0.8427,100.0,1
P505208,0.916,0.9164,100.0,1
P505209,0.756,0.8672500000000001,100.0,12
P505210,0.754,0.8271,100.0,11
P505211,0.86,0.9278,97.3,147
P505233,0.828,0.93,96.3,81
P505274,0.701,0.9217,87.5,16
P505316,0.874,0.9416,98.2,55
P505332,0.708,0.7085,100.0,2
P505338,0.811,0.8984,95.0,100
P505346,0.825,0.92,96.2,959
P505378,0.851,0.94295,100.0,24
P505381,0.892,0.909,100.0,15
P505392,0.744,0.8779,93.5,31
P505408,0.75,0.8747,94.0,100
P505452,0.834,0.93,98.8,81
P505711,0.841,0.9148499999999999,99.0,100
P54509,0.778,0.8977,94.4,1578
P6028,0.621,0.8261499999999999,86.4,236
P7365,0.416,0.64605,73.8,512
P7880,0.695,0.8481,91.2,8730
P91627362,0.598,0.7777,85.0,253
P94421,0.656,0.8349,88.0,2912
P94812,0.74,0.8715,93.9,523
P9939,0.614,0.75055,88.6,272
P9940,0.685,0.85295,90.3,828
P9941,0.663,0.8074,90.0,391
